Workbook

Sheet Actual
A1: Player | B1: Roster Position | C1: %Drafted | D1: FPTS
A2: Connor McDavid | B2: C | C2: 0.2693 | D2: 1.5
A3: Zach Hyman | B3: W | C3: 0.2166 | D3: 6
A4: Matt Duchene | B4: C | C4: 0.2063 | D4: 3
A5: Jake Walman | B5: D | C5: 0.1899 | D5: 15
A6: Cole Caufield | B6: W | C6: 0.182 | D6: 11.5
A7: Spencer Knight | B7: G | C7: 0.1791 | D7: 15.1
A8: Ryan O'Reilly | B8: C | C8: 0.1593 | D8: 19.5
A9: Ryan Nugent-Hopkins | B9: C | C9: 0.148 | D9: 0
A10: Alexander Nikishin | B10: D | C10: 0.1383 | D10: 2.8
A11: Filip Gustavsson | B11: G | C11: 0.1338 | D11: 16.5
A12: Nick Suzuki | B12: UTIL | C12: 0.1321 | D12: 19.3
A13: Seth Jarvis | B13: W | C13: 0.1304 | D13: 6
... A270: Ethan Del Mastro | B270: D | C270: 0.0006 | D270: 0

Sheet Projected
A1: name | B1: team | C1: position | D1: salary | E1: projected_fpts | F1: dk_avg_fpts | G1: edge | H1: value | I1: floor | J1: ceiling | K1: player_type | L1: actual | M1: ownership | N1: TOI
A2: Michael Callahan | B2: BOS | C2: D | D2: 2500 | E2: 3.7799891 | F2: 5.04 | G2: -1.2600109 | H2: 1.5119957 | I2: 1.5119957 | J2: 14.449973 | K2: skater | L2: =VLOOKUP($A2,Actual!$A:$D,4,FALSE) -> #N/A | M2: =VLOOKUP($A2,Actual!$A:$D,3,FALSE) -> #N/A | N2: =VLOOKUP(A2,NHT!B:F,5,FALSE) -> #N/A
A3: Riley Tufte | B3: BOS | C3: L | D3: 2500 | E3: 1.0743469 | F3: 3.95 | G3: -2.8756531 | H3: 0.42973875 | I3: 0.42973875 | J3: 7.6858672 | K3: skater | L3: =VLOOKUP($A3,Actual!$A:$D,4,FALSE) -> #N/A | M3: =VLOOKUP($A3,Actual!$A:$D,3,FALSE) -> #N/A | N3: =VLOOKUP(A3,NHT!B:F,5,FALSE) -> #N/A
A4: Joonas Korpisalo | B4: BOS | C4: G | D4: 7600 | E4: 12.062286 | F4: 10.33 | G4: 1.7322855 | H4: 1.5871428 | I4: 3.6186857 | J4: 34.124571 | K4: goalie | L4: =VLOOKUP($A4,Actual!$A:$D,4,FALSE) -> 16.5 | M4: =VLOOKUP($A4,Actual!$A:$D,3,FALSE) -> 0.0221 | N4: =VLOOKUP(A4,NHT!B:F,5,FALSE) -> #N/A
A5: Parker Wotherspoon | B5: BOS | C5: D | D5: 2800 | E5: 4.4076843 | F5: 6.08 | G5: -1.6723157 | H5: 1.5741729 | I5: 1.7630737 | J5: 16.019211 | K5: skater | L5: =VLOOKUP($A5,Actual!$A:$D,4,FALSE) -> 2.6 | M5: =VLOOKUP($A5,Actual!$A:$D,3,FALSE) -> 0.0074 | N5: =VLOOKUP(A5,NHT!B:F,5,FALSE) -> 19.216667
A6: Nikita Zadorov | B6: BOS | C6: D | D6: 2600 | E6: 6.1779678 | F6: 6.17 | G6: 0.0079678271 | H6: 2.3761415 | I6: 2.4711871 | J6: 20.44492 | K6: skater | L6: =VLOOKUP($A6,Actual!$A:$D,4,FALSE) -> 9.1 | M6: =VLOOKUP($A6,Actual!$A:$D,3,FALSE) -> 0.0085 | N6: =VLOOKUP(A6,NHT!B:F,5,FALSE) -> 20.616667
A7: Charlie McAvoy | B7: BOS | C7: D | D7: 4900 | E7: 8.8111188 | F7: 9.75 | G7: -0.93888124 | H7: 1.7981875 | I7: 3.5244475 | J7: 27.027797 | K7: skater | L7: =VLOOKUP($A7,Actual!$A:$D,4,FALSE) -> 21.4 | M7: =VLOOKUP($A7,Actual!$A:$D,3,FALSE) -> 0.0232 | N7: =VLOOKUP(A7,NHT!B:F,5,FALSE) -> 27.016667
A8: Andrew Peeke | B8: BOS | C8: D | D8: 2500 | E8: 5.3597053 | F8: 6.16 | G8: -0.80029471 | H8: 2.1438821 | I8: 2.1438821 | J8: 18.399263 | K8: skater | L8: =VLOOKUP($A8,Actual!$A:$D,4,FALSE) -> 2.6 | M8: =VLOOKUP($A8,Actual!$A:$D,3,FALSE) -> 0.004 | N8: =VLOOKUP(A8,NHT!B:F,5,FALSE) -> 20.45
A9: Elias Lindholm | B9: BOS | C9: C | D9: 4500 | E9: 7.8066328 | F9: 8.8 | G9: -0.99336722 | H9: 1.7348073 | I9: 3.1226531 | J9: 24.516582 | K9: skater | L9: =VLOOKUP($A9,Actual!$A:$D,4,FALSE) -> 19.3 | M9: =VLOOKUP($A9,Actual!$A:$D,3,FALSE) -> 0.0317 | N9: =VLOOKUP(A9,NHT!B:F,5,FALSE) -> 19.733333
A10: David Pastrnak | B10: BOS | C10: R | D10: 8800 | E10: 16.86332 | F10: 15.14 | G10: 1.7233203 | H10: 1.9162864 | I10: 6.7453281 | J10: 47.158301 | K10: skater | L10: =VLOOKUP($A10,Actual!$A:$D,4,FALSE) -> 33.5 | M10: =VLOOKUP($A10,Actual!$A:$D,3,FALSE) -> 0.0346 | N10: =VLOOKUP(A10,NHT!B:F,5,FALSE) -> 17.533333
A11: Morgan Geekie | B11: BOS | C11: C | D11: 5000 | E11: 9.5919488 | F11: 10.55 | G11: -0.95805119 | H11: 1.9183898 | I11: 3.8367795 | J11: 28.979872 | K11: skater | L11: =VLOOKUP($A11,Actual!$A:$D,4,FALSE) -> 11.5 | M11: =VLOOKUP($A11,Actual!$A:$D,3,FALSE) -> 0.0232 | N11: =VLOOKUP(A11,NHT!B:F,5,FALSE) -> 15.516667
A12: Pavel Zacha | B12: BOS | C12: C | D12: 3700 | E12: 7.1684526 | F12: 7.68 | G12: -0.51154743 | H12: 1.9374196 | I12: 2.867381 | J12: 22.921131 | K12: skater | L12: =VLOOKUP($A12,Actual!$A:$D,4,FALSE) -> 7.3 | M12: =VLOOKUP($A12,Actual!$A:$D,3,FALSE) -> 0.0215 | N12: =VLOOKUP(A12,NHT!B:F,5,FALSE) -> 17.15
A13: Mason Lohrei | B13: BOS | C13: D | D13: 2500 | E13: 6.7955118 | F13: 6.48 | G13: 0.31551179 | H13: 2.7182047 | I13: 2.7182047 | J13: 21.988779 | K13: skater | L13: =VLOOKUP($A13,Actual!$A:$D,4,FALSE) -> 4.1 | M13: =VLOOKUP($A13,Actual!$A:$D,3,FALSE) -> 0.0113 | N13: =VLOOKUP(A13,NHT!B:F,5,FALSE) -> 13.016667
... A299: Morgan Barron | B299: WPG | C299: C | D299: 2800 | E299: 4.361014 | F299: 5.88 | G299: -1.518986 | H299: 1.557505 | I299: 1.7444056 | J299: 15.902535 | K299: skater | L299: =VLOOKUP($A299,Actual!$A:$D,4,FALSE) -> 1.5 | M299: =VLOOKUP($A299,Actual!$A:$D,3,FALSE) -> 0.0017 | N299: =VLOOKUP(A299,NHT!B:F,5,FALSE) -> 8.75

Sheet NHT
B1: Player | C1: Team | D1: Position | E1: GP | F1: TOI | G1: Goals | H1: Total Assists | I1: First Assists | J1: Second Assists | K1: Total Points | L1: IPP | M1: Shots | N1: SH% | O1: ixG | P1: iCF | Q1: iFF | R1: iSCF | S1: iHDCF | T1: Rush Attempts | U1: Rebounds Created | V1: PIM | W1: Total Penalties | X1: Minor | Y1: Major | Z1: Misconduct | AA1: Penalties Drawn | AB1: Giveaways | AC1: Takeaways | AD1: Hits | AE1: Hits Taken | AF1: Shots Blocked | AG1: Faceoffs Won | AH1: Faceoffs Lost | AI1: Faceoffs %
A2: 245 | B2: Alex Steeves | C2: BOS | D2: C | E2: 1 | F2: 10.483333 | G2: 0 | H2: 0 | I2: 0 | J2: 0 | K2: 0 | L2: - | M2: 0 | N2: - | O2: 0.03 | P2: 1 | Q2: 1 | R2: 1 | S2: 0 | T2: 0 | U2: 0 | V2: 0 | W2: 0 | X2: 0 | Y2: 0 | Z2: 0 | AA2: 2 | AB2: 1 | AC2: 0 | AD2: 1 | AE2: 3 | AF2: 0 | AG2: 0 | AH2: 0 | AI2: -
A3: 143 | B3: Andrew Peeke | C3: BOS | D3: D | E3: 1 | F3: 20.45 | G3: 0 | H3: 0 | I3: 0 | J3: 0 | K3: 0 | L3: - | M3: 0 | N3: - | O3: 0 | P3: 1 | Q3: 0 | R3: 0 | S3: 0 | T3: 0 | U3: 0 | V3: 0 | W3: 0 | X3: 0 | Y3: 0 | Z3: 0 | AA3: 0 | AB3: 1 | AC3: 0 | AD3: 1 | AE3: 5 | AF3: 2 | AG3: 0 | AH3: 0 | AI3: -
A4: 155 | B4: Casey Mittelstadt | C4: BOS | D4: C | E4: 1 | F4: 14.666667 | G4: 0 | H4: 0 | I4: 0 | J4: 0 | K4: 0 | L4: 0 | M4: 0 | N4: - | O4: 0 | P4: 0 | Q4: 0 | R4: 0 | S4: 0 | T4: 0 | U4: 0 | V4: 0 | W4: 0 | X4: 0 | Y4: 0 | Z4: 0 | AA4: 0 | AB4: 1 | AC4: 1 | AD4: 0 | AE4: 2 | AF4: 0 | AG4: 1 | AH4: 2 | AI4: 33.33
A5: 138 | B5: Charlie McAvoy | C5: BOS | D5: D | E5: 1 | F5: 27.016667 | G5: 1 | H5: 0 | I5: 0 | J5: 0 | K5: 1 | L5: 50 | M5: 4 | N5: 25 | O5: 0.09 | P5: 5 | Q5: 4 | R5: 0 | S5: 0 | T5: 0 | U5: 1 | V5: 0 | W5: 0 | X5: 0 | Y5: 0 | Z5: 0 | AA5: 0 | AB5: 1 | AC5: 1 | AD5: 2 | AE5: 0 | AF5: 3 | AG5: 0 | AH5: 0 | AI5: -
A6: 95 | B6: David Pastrnak | C6: BOS | D6: R | E6: 1 | F6: 17.533333 | G6: 1 | H6: 2 | I6: 2 | J6: 0 | K6: 3 | L6: 100 | M6: 6 | N6: 16.67 | O6: 0.69 | P6: 12 | Q6: 9 | R6: 6 | S6: 1 | T6: 0 | U6: 1 | V6: 0 | W6: 0 | X6: 0 | Y6: 0 | Z6: 0 | AA6: 0 | AB6: 1 | AC6: 0 | AD6: 1 | AE6: 2 | AF6: 0 | AG6: 0 | AH6: 0 | AI6: -
A7: 81 | B7: Elias Lindholm | C7: BOS | D7: C | E7: 1 | F7: 19.733333 | G7: 1 | H7: 1 | I7: 0 | J7: 1 | K7: 2 | L7: 100 | M7: 3 | N7: 33.33 | O7: 0.83 | P7: 6 | Q7: 6 | R7: 5 | S7: 4 | T7: 0 | U7: 2 | V7: 0 | W7: 0 | X7: 0 | Y7: 0 | Z7: 0 | AA7: 0 | AB7: 0 | AC7: 2 | AD7: 0 | AE7: 0 | AF7: 1 | AG7: 10 | AH7: 13 | AI7: 43.48
A8: 264 | B8: Fraser Minten | C8: BOS | D8: C | E8: 1 | F8: 13.45 | G8: 0 | H8: 0 | I8: 0 | J8: 0 | K8: 0 | L8: - | M8: 1 | N8: 0 | O8: 0.06 | P8: 1 | Q8: 1 | R8: 1 | S8: 0 | T8: 0 | U8: 0 | V8: 0 | W8: 0 | X8: 0 | Y8: 0 | Z8: 0 | AA8: 0 | AB8: 1 | AC8: 1 | AD8: 0 | AE8: 0 | AF8: 0 | AG8: 5 | AH8: 6 | AI8: 45.45
A9: 53 | B9: Hampus Lindholm | C9: BOS | D9: D | E9: 1 | F9: 19.7 | G9: 0 | H9: 0 | I9: 0 | J9: 0 | K9: 0 | L9: 0 | M9: 0 | N9: - | O9: 0.03 | P9: 3 | Q9: 1 | R9: 3 | S9: 0 | T9: 0 | U9: 1 | V9: 0 | W9: 0 | X9: 0 | Y9: 0 | Z9: 0 | AA9: 0 | AB9: 1 | AC9: 1 | AD9: 0 | AE9: 2 | AF9: 2 | AG9: 0 | AH9: 0 | AI9: -
A10: 196 | B10: Jonathan Aspirot | C10: BOS | D10: D | E10: 1 | F10: 17.1 | G10: 0 | H10: 0 | I10: 0 | J10: 0 | K10: 0 | L10: 0 | M10: 2 | N10: 0 | O10: 0.03 | P10: 2 | Q10: 2 | R10: 0 | S10: 0 | T10: 0 | U10: 0 | V10: 2 | W10: 1 | X10: 1 | Y10: 0 | Z10: 0 | AA10: 0 | AB10: 2 | AC10: 0 | AD10: 1 | AE10: 1 | AF10: 2 | AG10: 0 | AH10: 0 | AI10: -
A11: 241 | B11: Marat Khusnutdinov | C11: BOS | D11: C | E11: 1 | F11: 18.033333 | G11: 0 | H11: 0 | I11: 0 | J11: 0 | K11: 0 | L11: - | M11: 0 | N11: - | O11: 0 | P11: 1 | Q11: 0 | R11: 0 | S11: 0 | T11: 0 | U11: 1 | V11: 2 | W11: 1 | X11: 1 | Y11: 0 | Z11: 0 | AA11: 0 | AB11: 0 | AC11: 1 | AD11: 1 | AE11: 2 | AF11: 1 | AG11: 0 | AH11: 0 | AI11: -
A12: 169 | B12: Mark Kastelic | C12: BOS | D12: C | E12: 1 | F12: 9.6333333 | G12: 0 | H12: 0 | I12: 0 | J12: 0 | K12: 0 | L12: 0 | M12: 0 | N12: - | O12: 0 | P12: 0 | Q12: 0 | R12: 0 | S12: 0 | T12: 0 | U12: 0 | V12: 5 | W12: 1 | X12: 0 | Y12: 1 | Z12: 0 | AA12: 1 | AB12: 0 | AC12: 0 | AD12: 3 | AE12: 0 | AF12: 0 | AG12: 2 | AH12: 2 | AI12: 50
A13: 244 | B13: Mason Lohrei | C13: BOS | D13: D | E13: 1 | F13: 13.016667 | G13: 0 | H13: 0 | I13: 0 | J13: 0 | K13: 0 | L13: 0 | M13: 1 | N13: 0 | O13: 0.06 | P13: 2 | Q13: 2 | R13: 0 | S13: 0 | T13: 0 | U13: 1 | V13: 0 | W13: 0 | X13: 0 | Y13: 0 | Z13: 0 | AA13: 0 | AB13: 1 | AC13: 0 | AD13: 0 | AE13: 2 | AF13: 2 | AG13: 0 | AH13: 0 | AI13: -
A14: 153 | B14: Morgan Geekie | C14: BOS | D14: C | E14: 1 | F14: 15.516667 | G14: 0 | H14: 2 | I14: 0 | J14: 2 | K14: 2 | L14: 100 | M14: 1 | N14: 0 | O14: 0.08 | P14: 3 | Q14: 2 | R14: 0 | S14: 0 | T14: 0 | U14: 0 | V14: 2 | W14: 1 | X14: 1 | Y14: 0 | Z14: 0 | AA14: 1 | AB14: 0 | AC14: 0 | AD14: 4 | AE14: 1 | AF14: 0 | AG14: 1 | AH14: 1 | AI14: 50
A15: 85 | B15: Nikita Zadorov | C15: BOS | D15: D | E15: 1 | F15: 20.616667 | G15: 0 | H15: 1 | I15: 1 | J15: 0 | K15: 1 | L15: 100 | M15: 1 | N15: 0 | O15: 0.05 | P15: 5 | Q15: 2 | R15: 1 | S15: 0 | T15: 0 | U15: 0 | V15: 2 | W15: 1 | X15: 1 | Y15: 0 | Z15: 0 | AA15: 0 | AB15: 2 | AC15: 0 | AD15: 1 | AE15: 2 | AF15: 2 | AG15: 0 | AH15: 0 | AI15: -
A16: 109 | B16: Pavel Zacha | C16: BOS | D16: C | E16: 1 | F16: 17.15 | G16: 0 | H16: 0 | I16: 0 | J16: 0 | K16: 0 | L16: 0 | M16: 4 | N16: 0 | O16: 0.66 | P16: 4 | Q16: 4 | R16: 3 | S16: 3 | T16: 0 | U16: 1 | V16: 2 | W16: 1 | X16: 1 | Y16: 0 | Z16: 0 | AA16: 0 | AB16: 0 | AC16: 1 | AD16: 0 | AE16: 1 | AF16: 1 | AG16: 3 | AH16: 10 | AI16: 23.08
A17: 42 | B17: Sean Kuraly | C17: BOS | D17: C | E17: 1 | F17: 12.466667 | G17: 0 | H17: 1 | I17: 1 | J17: 0 | K17: 1 | L17: 100 | M17: 0 | N17: - | O17: 0 | P17: 0 | Q17: 0 | R17: 0 | S17: 0 | T17: 0 | U17: 0 | V17: 0 | W17: 0 | X17: 0 | Y17: 0 | Z17: 0 | AA17: 0 | AB17: 0 | AC17: 0 | AD17: 1 | AE17: 1 | AF17: 3 | AG17: 4 | AH17: 2 | AI17: 66.67
A18: 150 | B18: Tanner Jeannot | C18: BOS | D18: L | E18: 1 | F18: 8.7 | G18: 1 | H18: 0 | I18: 0 | J18: 0 | K18: 1 | L18: 100 | M18: 1 | N18: 100 | O18: 0.14 | P18: 3 | Q18: 2 | R18: 0 | S18: 0 | T18: 0 | U18: 0 | V18: 0 | W18: 0 | X18: 0 | Y18: 0 | Z18: 0 | AA18: 0 | AB18: 1 | AC18: 0 | AD18: 2 | AE18: 0 | AF18: 0 | AG18: 0 | AH18: 0 | AI18: -
A19: 100 | B19: Viktor Arvidsson | C19: BOS | D19: L | E19: 1 | F19: 15.35 | G19: 0 | H19: 0 | I19: 0 | J19: 0 | K19: 0 | L19: - | M19: 4 | N19: 0 | O19: 0.47 | P19: 9 | Q19: 6 | R19: 6 | S19: 4 | T19: 1 | U19: 3 | V19: 0 | W19: 0 | X19: 0 | Y19: 0 | Z19: 0 | AA19: 0 | AB19: 0 | AC19: 1 | AD19: 1 | AE19: 4 | AF19: 1 | AG19: 0 | AH19: 0 | AI19: -
A20: 94 | B20: Alex Tuch | C20: BUF | D20: R | E20: 1 | F20: 19.766667 | G20: 0 | H20: 0 | I20: 0 | J20: 0 | K20: 0 | L20: 0 | M20: 4 | N20: 0 | O20: 0.18 | P20: 4 | Q20: 4 | R20: 2 | S20: 1 | T20: 0 | U20: 0 | V20: 0 | W20: 0 | X20: 0 | Y20: 0 | Z20: 0 | AA20: 1 | AB20: 0 | AC20: 1 | AD20: 3 | AE20: 0 | AF20: 3 | AG20: 0 | AH20: 1 | AI20: 0
A21: 141 | B21: Beck Malenstyn | C21: BUF | D21: L | E21: 1 | F21: 11.683333 | G21: 1 | H21: 0 | I21: 0 | J21: 0 | K21: 1 | L21: 100 | M21: 1 | N21: 100 | O21: 0.15 | P21: 1 | Q21: 1 | R21: 1 | S21: 1 | T21: 0 | U21: 0 | V21: 0 | W21: 0 | X21: 0 | Y21: 0 | Z21: 0 | AA21: 0 | AB21: 0 | AC21: 0 | AD21: 6 | AE21: 2 | AF21: 2 | AG21: 1 | AH21: 1 | AI21: 50
A22: 201 | B22: Bowen Byram | C22: BUF | D22: D | E22: 1 | F22: 27.35 | G22: 0 | H22: 0 | I22: 0 | J22: 0 | K22: 0 | L22: 0 | M22: 1 | N22: 0 | O22: 0.07 | P22: 3 | Q22: 2 | R22: 2 | S22: 0 | T22: 0 | U22: 0 | V22: 0 | W22: 0 | X22: 0 | Y22: 0 | Z22: 0 | AA22: 0 | AB22: 1 | AC22: 0 | AD22: 1 | AE22: 4 | AF22: 0 | AG22: 0 | AH22: 0 | AI22: -
A23: 227 | B23: Jack Quinn | C23: BUF | D23: R | E23: 1 | F23: 16.95 | G23: 0 | H23: 1 | I23: 1 | J23: 0 | K23: 1 | L23: 100 | M23: 1 | N23: 0 | O23: 0.18 | P23: 4 | Q23: 2 | R23: 2 | S23: 1 | T23: 0 | U23: 0 | V23: 0 | W23: 0 | X23: 0 | Y23: 0 | Z23: 0 | AA23: 0 | AB23: 0 | AC23: 0 | AD23: 0 | AE23: 2 | AF23: 0 | AG23: 0 | AH23: 0 | AI23: -
A24: 164 | B24: Jacob Bryson | C24: BUF | D24: D | E24: 1 | F24: 6.2833333 | G24: 0 | H24: 0 | I24: 0 | J24: 0 | K24: 0 | L24: 0 | M24: 0 | N24: - | O24: 0 | P24: 1 | Q24: 0 | R24: 0 | S24: 0 | T24: 0 | U24: 0 | V24: 0 | W24: 0 | X24: 0 | Y24: 0 | Z24: 0 | AA24: 0 | AB24: 0 | AC24: 0 | AD24: 0 | AE24: 3 | AF24: 2 | AG24: 0 | AH24: 0 | AI24: -
A25: 28 | B25: Jason Zucker | C25: BUF | D25: L | E25: 1 | F25: 17 | G25: 1 | H25: 0 | I25: 0 | J25: 0 | K25: 1 | L25: 100 | M25: 2 | N25: 50 | O25: 0.12 | P25: 2 | Q25: 2 | R25: 2 | S25: 0 | T25: 0 | U25: 0 | V25: 0 | W25: 0 | X25: 0 | Y25: 0 | Z25: 0 | AA25: 0 | AB25: 1 | AC25: 0 | AD25: 1 | AE25: 0 | AF25: 1 | AG25: 0 | AH25: 1 | AI25: 0
A26: 112 | B26: Jordan Greenway | C26: BUF | D26: L | E26: 1 | F26: 10.95 | G26: 0 | H26: 0 | I26: 0 | J26: 0 | K26: 0 | L26: 0 | M26: 0 | N26: - | O26: 0 | P26: 0 | Q26: 0 | R26: 0 | S26: 0 | T26: 0 | U26: 0 | V26: 0 | W26: 0 | X26: 0 | Y26: 0 | Z26: 0 | AA26: 0 | AB26: 1 | AC26: 1 | AD26: 0 | AE26: 2 | AF26: 0 | AG26: 0 | AH26: 0 | AI26: -
A27: 246 | B27: Josh Doan | C27: BUF | D27: R | E27: 1 | F27: 15.433333 | G27: 0 | H27: 0 | I27: 0 | J27: 0 | K27: 0 | L27: - | M27: 0 | N27: - | O27: 0 | P27: 1 | Q27: 0 | R27: 1 | S27: 1 | T27: 0 | U27: 0 | V27: 0 | W27: 0 | X27: 0 | Y27: 0 | Z27: 0 | AA27: 0 | AB27: 0 | AC27: 0 | AD27: 1 | AE27: 1 | AF27: 0 | AG27: 0 | AH27: 0 | AI27: -
A28: 285 | B28: Konsta Helenius | C28: BUF | D28: C | E28: 1 | F28: 9.6 | G28: 0 | H28: 1 | I28: 1 | J28: 0 | K28: 1 | L28: 100 | M28: 1 | N28: 0 | O28: 0.07 | P28: 2 | Q28: 2 | R28: 1 | S28: 0 | T28: 0 | U28: 0 | V28: 0 | W28: 0 | X28: 0 | Y28: 0 | Z28: 0 | AA28: 0 | AB28: 1 | AC28: 0 | AD28: 1 | AE28: 1 | AF28: 1 | AG28: 1 | AH28: 2 | AI28: 33.33
A29: 175 | B29: Mattias Samuelsson | C29: BUF | D29: D | E29: 1 | F29: 23.05 | G29: 0 | H29: 1 | I29: 1 | J29: 0 | K29: 1 | L29: 100 | M29: 0 | N29: - | O29: 0.03 | P29: 4 | Q29: 1 | R29: 1 | S29: 0 | T29: 0 | U29: 0 | V29: 2 | W29: 1 | X29: 1 | Y29: 0 | Z29: 0 | AA29: 1 | AB29: 1 | AC29: 1 | AD29: 5 | AE29: 1 | AF29: 2 | AG29: 0 | AH29: 0 | AI29: -
A30: 186 | B30: Michael Kesselring | C30: BUF | D30: D | E30: 1 | F30: 12.066667 | G30: 0 | H30: 0 | I30: 0 | J30: 0 | K30: 0 | L30: 0 | M30: 2 | N30: 0 | O30: 0.09 | P30: 2 | Q30: 2 | R30: 1 | S30: 0 | T30: 0 | U30: 0 | V30: 2 | W30: 1 | X30: 1 | Y30: 0 | Z30: 0 | AA30: 0 | AB30: 0 | AC30: 0 | AD30: 0 | AE30: 1 | AF30: 1 | AG30: 0 | AH30: 0 | AI30: -
A31: 266 | B31: Noah Ostlund | C31: BUF | D31: C | E31: 1 | F31: 13.033333 | G31: 0 | H31: 1 | I31: 0 | J31: 1 | K31: 1 | L31: 100 | M31: 0 | N31: - | O31: 0 | P31: 0 | Q31: 0 | R31: 0 | S31: 0 | T31: 0 | U31: 0 | V31: 2 | W31: 1 | X31: 1 | Y31: 0 | Z31: 0 | AA31: 0 | AB31: 1 | AC31: 1 | AD31: 0 | AE31: 0 | AF31: 0 | AG31: 0 | AH31: 3 | AI31: 0
A32: 248 | B32: Owen Power | C32: BUF | D32: D | E32: 1 | F32: 26.416667 | G32: 0 | H32: 0 | I32: 0 | J32: 0 | K32: 0 | L32: 0 | M32: 0 | N32: - | O32: 0 | P32: 2 | Q32: 0 | R32: 0 | S32: 0 | T32: 0 | U32: 0 | V32: 0 | W32: 0 | X32: 0 | Y32: 0 | Z32: 0 | AA32: 0 | AB32: 2 | AC32: 0 | AD32: 1 | AE32: 3 | AF32: 2 | AG32: 0 | AH32: 0 | AI32: -
A33: 199 | B33: Peyton Krebs | C33: BUF | D33: C | E33: 1 | F33: 10.633333 | G33: 1 | H33: 0 | I33: 0 | J33: 0 | K33: 1 | L33: 100 | M33: 1 | N33: 100 | O33: 0.17 | P33: 1 | Q33: 1 | R33: 0 | S33: 0 | T33: 0 | U33: 0 | V33: 0 | W33: 0 | X33: 0 | Y33: 0 | Z33: 0 | AA33: 0 | AB33: 0 | AC33: 0 | AD33: 4 | AE33: 1 | AF33: 0 | AG33: 4 | AH33: 3 | AI33: 57.14
A34: 181 | B34: Rasmus Dahlin | C34: BUF | D34: D | E34: 1 | F34: 22.883333 | G34: 0 | H34: 0 | I34: 0 | J34: 0 | K34: 0 | L34: - | M34: 1 | N34: 0 | O34: 0.12 | P34: 7 | Q34: 2 | R34: 3 | S34: 0 | T34: 0 | U34: 1 | V34: 4 | W34: 2 | X34: 2 | Y34: 0 | Z34: 0 | AA34: 2 | AB34: 1 | AC34: 0 | AD34: 1 | AE34: 3 | AF34: 2 | AG34: 0 | AH34: 0 | AI34: -
A35: 172 | B35: Ryan McLeod | C35: BUF | D35: C | E35: 1 | F35: 20.883333 | G35: 0 | H35: 1 | I35: 0 | J35: 1 | K35: 1 | L35: 100 | M35: 0 | N35: - | O35: 0.4 | P35: 4 | Q35: 2 | R35: 1 | S35: 0 | T35: 0 | U35: 0 | V35: 0 | W35: 0 | X35: 0 | Y35: 0 | Z35: 0 | AA35: 0 | AB35: 0 | AC35: 1 | AD35: 1 | AE35: 2 | AF35: 0 | AG35: 9 | AH35: 12 | AI35: 42.86
A36: 146 | B36: Tage Thompson | C36: BUF | D36: C | E36: 1 | F36: 17.233333 | G36: 0 | H36: 1 | I36: 1 | J36: 0 | K36: 1 | L36: 100 | M36: 1 | N36: 0 | O36: 0.09 | P36: 2 | Q36: 2 | R36: 0 | S36: 0 | T36: 0 | U36: 0 | V36: 0 | W36: 0 | X36: 0 | Y36: 0 | Z36: 0 | AA36: 0 | AB36: 0 | AC36: 0 | AD36: 0 | AE36: 0 | AF36: 2 | AG36: 5 | AH36: 13 | AI36: 27.78
A37: 276 | B37: Zach Benson | C37: BUF | D37: L | E37: 1 | F37: 10.783333 | G37: 1 | H37: 0 | I37: 0 | J37: 0 | K37: 1 | L37: 100 | M37: 2 | N37: 50 | O37: 0.68 | P37: 4 | Q37: 4 | R37: 3 | S37: 3 | T37: 0 | U37: 1 | V37: 0 | W37: 0 | X37: 0 | Y37: 0 | Z37: 0 | AA37: 0 | AB37: 0 | AC37: 0 | AD37: 1 | AE37: 2 | AF37: 0 | AG37: 0 | AH37: 0 | AI37: -
A38: 228 | B38: Alexander Nikishin | C38: CAR | D38: D | E38: 1 | F38: 15.783333 | G38: 0 | H38: 0 | I38: 0 | J38: 0 | K38: 0 | L38: 0 | M38: 1 | N38: 0 | O38: 0.14 | P38: 4 | Q38: 2 | R38: 3 | S38: 0 | T38: 0 | U38: 0 | V38: 5 | W38: 1 | X38: 0 | Y38: 1 | Z38: 0 | AA38: 2 | AB38: 0 | AC38: 0 | AD38: 2 | AE38: 0 | AF38: 1 | AG38: 0 | AH38: 0 | AI38: -
A39: 179 | B39: Andrei Svechnikov | C39: CAR | D39: R | E39: 1 | F39: 22.2 | G39: 0 | H39: 0 | I39: 0 | J39: 0 | K39: 0 | L39: - | M39: 1 | N39: 0 | O39: 0.18 | P39: 4 | Q39: 3 | R39: 3 | S39: 1 | T39: 0 | U39: 1 | V39: 0 | W39: 0 | X39: 0 | Y39: 0 | Z39: 0 | AA39: 1 | AB39: 2 | AC39: 0 | AD39: 2 | AE39: 0 | AF39: 1 | AG39: 0 | AH39: 0 | AI39: -
A40: 65 | B40: Jaccob Slavin | C40: CAR | D40: D | E40: 1 | F40: 23.533333 | G40: 0 | H40: 1 | I40: 0 | J40: 1 | K40: 1 | L40: 50 | M40: 1 | N40: 0 | O40: 0.02 | P40: 2 | Q40: 2 | R40: 0 | S40: 0 | T40: 0 | U40: 0 | V40: 0 | W40: 0 | X40: 0 | Y40: 0 | Z40: 0 | AA40: 0 | AB40: 2 | AC40: 1 | AD40: 0 | AE40: 3 | AF40: 1 | AG40: 0 | AH40: 0 | AI40: -
A41: 257 | B41: Jackson Blake | C41: CAR | D41: R | E41: 1 | F41: 15.616667 | G41: 1 | H41: 0 | I41: 0 | J41: 0 | K41: 1 | L41: 100 | M41: 3 | N41: 33.33 | O41: 0.34 | P41: 4 | Q41: 3 | R41: 4 | S41: 2 | T41: 0 | U41: 1 | V41: 0 | W41: 0 | X41: 0 | Y41: 0 | Z41: 0 | AA41: 1 | AB41: 1 | AC41: 0 | AD41: 0 | AE41: 0 | AF41: 0 | AG41: 0 | AH41: 0 | AI41: -
A42: 134 | B42: Jalen Chatfield | C42: CAR | D42: D | E42: 1 | F42: 19.983333 | G42: 0 | H42: 0 | I42: 0 | J42: 0 | K42: 0 | L42: 0 | M42: 0 | N42: - | O42: 0.01 | P42: 1 | Q42: 1 | R42: 0 | S42: 0 | T42: 0 | U42: 0 | V42: 0 | W42: 0 | X42: 0 | Y42: 0 | Z42: 0 | AA42: 0 | AB42: 0 | AC42: 0 | AD42: 0 | AE42: 0 | AF42: 0 | AG42: 0 | AH42: 0 | AI42: -
A43: 178 | B43: Jesperi Kotkaniemi | C43: CAR | D43: C | E43: 1 | F43: 9.55 | G43: 0 | H43: 1 | I43: 1 | J43: 0 | K43: 1 | L43: 100 | M43: 2 | N43: 0 | O43: 0.13 | P43: 3 | Q43: 2 | R43: 2 | S43: 1 | T43: 1 | U43: 0 | V43: 0 | W43: 0 | X43: 0 | Y43: 0 | Z43: 0 | AA43: 1 | AB43: 2 | AC43: 0 | AD43: 3 | AE43: 3 | AF43: 0 | AG43: 1 | AH43: 0 | AI43: 100
A44: 258 | B44: Joel Nystrom | C44: CAR | D44: D | E44: 1 | F44: 10.716667 | G44: 1 | H44: 0 | I44: 0 | J44: 0 | K44: 1 | L44: 100 | M44: 2 | N44: 50 | O44: 0.06 | P44: 3 | Q44: 2 | R44: 2 | S44: 0 | T44: 0 | U44: 0 | V44: 2 | W44: 1 | X44: 1 | Y44: 0 | Z44: 0 | AA44: 0 | AB44: 0 | AC44: 0 | AD44: 0 | AE44: 3 | AF44: 0 | AG44: 0 | AH44: 0 | AI44: -
A45: 63 | B45: Jordan Martinook | C45: CAR | D45: L | E45: 1 | F45: 14.35 | G45: 0 | H45: 1 | I45: 1 | J45: 0 | K45: 1 | L45: 100 | M45: 0 | N45: - | O45: 0.06 | P45: 2 | Q45: 2 | R45: 1 | S45: 0 | T45: 0 | U45: 0 | V45: 0 | W45: 0 | X45: 0 | Y45: 0 | Z45: 0 | AA45: 1 | AB45: 0 | AC45: 0 | AD45: 5 | AE45: 0 | AF45: 0 | AG45: 0 | AH45: 1 | AI45: 0
A46: 6 | B46: Jordan Staal | C46: CAR | D46: C | E46: 1 | F46: 18.233333 | G46: 1 | H46: 0 | I46: 0 | J46: 0 | K46: 1 | L46: 100 | M46: 1 | N46: 100 | O46: 0.2 | P46: 3 | Q46: 3 | R46: 3 | S46: 1 | T46: 0 | U46: 0 | V46: 0 | W46: 0 | X46: 0 | Y46: 0 | Z46: 0 | AA46: 0 | AB46: 0 | AC46: 0 | AD46: 3 | AE46: 1 | AF46: 0 | AG46: 13 | AH46: 7 | AI46: 65
A47: 177 | B47: K'Andre Miller | C47: CAR | D47: D | E47: 1 | F47: 25.65 | G47: 0 | H47: 0 | I47: 0 | J47: 0 | K47: 0 | L47: - | M47: 1 | N47: 0 | O47: 0.11 | P47: 6 | Q47: 3 | R47: 2 | S47: 0 | T47: 0 | U47: 0 | V47: 0 | W47: 0 | X47: 0 | Y47: 0 | Z47: 0 | AA47: 0 | AB47: 0 | AC47: 0 | AD47: 0 | AE47: 1 | AF47: 0 | AG47: 0 | AH47: 0 | AI47: -
A48: 249 | B48: Logan Stankoven | C48: CAR | D48: C | E48: 1 | F48: 14.233333 | G48: 0 | H48: 1 | I48: 1 | J48: 0 | K48: 1 | L48: 100 | M48: 3 | N48: 0 | O48: 0.69 | P48: 4 | Q48: 4 | R48: 4 | S48: 3 | T48: 1 | U48: 1 | V48: 0 | W48: 0 | X48: 0 | Y48: 0 | Z48: 0 | AA48: 0 | AB48: 0 | AC48: 0 | AD48: 1 | AE48: 1 | AF48: 0 | AG48: 6 | AH48: 4 | AI48: 60
A49: 56 | B49: Mark Jankowski | C49: CAR | D49: L | E49: 1 | F49: 9.3833333 | G49: 0 | H49: 0 | I49: 0 | J49: 0 | K49: 0 | L49: 0 | M49: 0 | N49: - | O49: 0.04 | P49: 1 | Q49: 1 | R49: 1 | S49: 0 | T49: 0 | U49: 0 | V49: 0 | W49: 0 | X49: 0 | Y49: 0 | Z49: 0 | AA49: 0 | AB49: 1 | AC49: 1 | AD49: 0 | AE49: 4 | AF49: 0 | AG49: 7 | AH49: 3 | AI49: 70
A50: 92 | B50: Nikolaj Ehlers | C50: CAR | D50: L | E50: 1 | F50: 19.5 | G50: 0 | H50: 0 | I50: 0 | J50: 0 | K50: 0 | L50: - | M50: 3 | N50: 0 | O50: 0.35 | P50: 7 | Q50: 4 | R50: 3 | S50: 3 | T50: 0 | U50: 0 | V50: 0 | W50: 0 | X50: 0 | Y50: 0 | Z50: 0 | AA50: 0 | AB50: 1 | AC50: 1 | AD50: 0 | AE50: 1 | AF50: 1 | AG50: 0 | AH50: 0 | AI50: -
A51: 168 | B51: Sean Walker | C51: CAR | D51: D | E51: 1 | F51: 20.3 | G51: 0 | H51: 0 | I51: 0 | J51: 0 | K51: 0 | L51: - | M51: 3 | N51: 0 | O51: 0.06 | P51: 7 | Q51: 3 | R51: 2 | S51: 0 | T51: 0 | U51: 2 | V51: 0 | W51: 0 | X51: 0 | Y51: 0 | Z51: 0 | AA51: 0 | AB51: 2 | AC51: 0 | AD51: 6 | AE51: 3 | AF51: 0 | AG51: 0 | AH51: 0 | AI51: -
A52: 114 | B52: Sebastian Aho | C52: CAR | D52: C | E52: 1 | F52: 23.6 | G52: 0 | H52: 0 | I52: 0 | J52: 0 | K52: 0 | L52: - | M52: 3 | N52: 0 | O52: 0.5 | P52: 7 | Q52: 6 | R52: 4 | S52: 3 | T52: 0 | U52: 1 | V52: 0 | W52: 0 | X52: 0 | Y52: 0 | Z52: 0 | AA52: 0 | AB52: 1 | AC52: 0 | AD52: 1 | AE52: 1 | AF52: 0 | AG52: 11 | AH52: 5 | AI52: 68.75
A53: 224 | B53: Seth Jarvis | C53: CAR | D53: C | E53: 1 | F53: 22.283333 | G53: 0 | H53: 0 | I53: 0 | J53: 0 | K53: 0 | L53: - | M53: 4 | N53: 0 | O53: 0.22 | P53: 5 | Q53: 4 | R53: 4 | S53: 1 | T53: 1 | U53: 1 | V53: 0 | W53: 0 | X53: 0 | Y53: 0 | Z53: 0 | AA53: 0 | AB53: 0 | AC53: 1 | AD53: 2 | AE53: 1 | AF53: 0 | AG53: 1 | AH53: 0 | AI53: 100
A54: 35 | B54: Taylor Hall | C54: CAR | D54: L | E54: 1 | F54: 15.583333 | G54: 0 | H54: 1 | I54: 0 | J54: 1 | K54: 1 | L54: 100 | M54: 0 | N54: - | O54: 0.42 | P54: 5 | Q54: 5 | R54: 4 | S54: 2 | T54: 0 | U54: 1 | V54: 0 | W54: 0 | X54: 0 | Y54: 0 | Z54: 0 | AA54: 0 | AB54: 1 | AC54: 0 | AD54: 0 | AE54: 0 | AF54: 1 | AG54: 0 | AH54: 1 | AI54: 0
A55: 79 | B55: William Carrier | C55: CAR | D55: L | E55: 1 | F55: 12.683333 | G55: 0 | H55: 0 | I55: 0 | J55: 0 | K55: 0 | L55: 0 | M55: 3 | N55: 0 | O55: 0.14 | P55: 3 | Q55: 3 | R55: 1 | S55: 1 | T55: 1 | U55: 0 | V55: 0 | W55: 0 | X55: 0 | Y55: 0 | Z55: 0 | AA55: 0 | AB55: 0 | AC55: 0 | AD55: 4 | AE55: 0 | AF55: 1 | AG55: 0 | AH55: 0 | AI55: -
A56: 277 | B56: Adam Fantilli | C56: CBJ | D56: C | E56: 1 | F56: 21.2 | G56: 0 | H56: 0 | I56: 0 | J56: 0 | K56: 0 | L56: - | M56: 2 | N56: 0 | O56: 0.21 | P56: 4 | Q56: 3 | R56: 1 | S56: 0 | T56: 0 | U56: 0 | V56: 0 | W56: 0 | X56: 0 | Y56: 0 | Z56: 0 | AA56: 0 | AB56: 1 | AC56: 1 | AD56: 4 | AE56: 0 | AF56: 1 | AG56: 16 | AH56: 8 | AI56: 66.67
A57: 45 | B57: Boone Jenner | C57: CBJ | D57: C | E57: 1 | F57: 17.066667 | G57: 0 | H57: 0 | I57: 0 | J57: 0 | K57: 0 | L57: - | M57: 0 | N57: - | O57: 0.01 | P57: 1 | Q57: 1 | R57: 0 | S57: 0 | T57: 0 | U57: 0 | V57: 0 | W57: 0 | X57: 0 | Y57: 0 | Z57: 0 | AA57: 0 | AB57: 2 | AC57: 0 | AD57: 3 | AE57: 1 | AF57: 2 | AG57: 1 | AH57: 1 | AI57: 50
A58: 29 | B58: Charlie Coyle | C58: CBJ | D58: C | E58: 1 | F58: 20.183333 | G58: 0 | H58: 0 | I58: 0 | J58: 0 | K58: 0 | L58: - | M58: 1 | N58: 0 | O58: 0.12 | P58: 3 | Q58: 3 | R58: 0 | S58: 0 | T58: 0 | U58: 0 | V58: 0 | W58: 0 | X58: 0 | Y58: 0 | Z58: 0 | AA58: 0 | AB58: 2 | AC58: 0 | AD58: 1 | AE58: 0 | AF58: 2 | AG58: 6 | AH58: 8 | AI58: 42.86
A59: 251 | B59: Cole Sillinger | C59: CBJ | D59: C | E59: 1 | F59: 15.85 | G59: 0 | H59: 0 | I59: 0 | J59: 0 | K59: 0 | L59: - | M59: 0 | N59: - | O59: 0 | P59: 0 | Q59: 0 | R59: 0 | S59: 0 | T59: 0 | U59: 0 | V59: 0 | W59: 0 | X59: 0 | Y59: 0 | Z59: 0 | AA59: 0 | AB59: 0 | AC59: 0 | AD59: 3 | AE59: 0 | AF59: 1 | AG59: 1 | AH59: 0 | AI59: 100
A60: 64 | B60: Damon Severson | C60: CBJ | D60: D | E60: 1 | F60: 27.35 | G60: 0 | H60: 1 | I60: 1 | J60: 0 | K60: 1 | L60: 100 | M60: 1 | N60: 0 | O60: 0.03 | P60: 2 | Q60: 1 | R60: 0 | S60: 0 | T60: 0 | U60: 0 | V60: 2 | W60: 1 | X60: 1 | Y60: 0 | Z60: 0 | AA60: 0 | AB60: 1 | AC60: 1 | AD60: 0 | AE60: 0 | AF60: 1 | AG60: 0 | AH60: 0 | AI60: -
A61: 101 | B61: Danton Heinen | C61: CBJ | D61: L | E61: 1 | F61: 6.6166667 | G61: 0 | H61: 0 | I61: 0 | J61: 0 | K61: 0 | L61: 0 | M61: 0 | N61: - | O61: 0 | P61: 0 | Q61: 0 | R61: 0 | S61: 0 | T61: 0 | U61: 0 | V61: 0 | W61: 0 | X61: 0 | Y61: 0 | Z61: 0 | AA61: 0 | AB61: 0 | AC61: 0 | AD61: 2 | AE61: 0 | AF61: 0 | AG61: 1 | AH61: 0 | AI61: 100
A62: 217 | B62: Dmitri Voronkov | C62: CBJ | D62: L | E62: 1 | F62: 6.7166667 | G62: 0 | H62: 0 | I62: 0 | J62: 0 | K62: 0 | L62: 0 | M62: 2 | N62: 0 | O62: 0.18 | P62: 3 | Q62: 3 | R62: 3 | S62: 1 | T62: 0 | U62: 0 | V62: 0 | W62: 0 | X62: 0 | Y62: 0 | Z62: 0 | AA62: 0 | AB62: 0 | AC62: 0 | AD62: 3 | AE62: 0 | AF62: 0 | AG62: 0 | AH62: 0 | AI62: -
A63: 195 | B63: Egor Zamula | C63: CBJ | D63: D | E63: 1 | F63: 9.55 | G63: 0 | H63: 0 | I63: 0 | J63: 0 | K63: 0 | L63: - | M63: 0 | N63: - | O63: 0.02 | P63: 1 | Q63: 1 | R63: 0 | S63: 0 | T63: 0 | U63: 1 | V63: 0 | W63: 0 | X63: 0 | Y63: 0 | Z63: 0 | AA63: 0 | AB63: 0 | AC63: 0 | AD63: 0 | AE63: 0 | AF63: 1 | AG63: 0 | AH63: 0 | AI63: -
A64: 34 | B64: Erik Gudbranson | C64: CBJ | D64: D | E64: 1 | F64: 21.116667 | G64: 0 | H64: 0 | I64: 0 | J64: 0 | K64: 0 | L64: - | M64: 1 | N64: 0 | O64: 0 | P64: 5 | Q64: 2 | R64: 1 | S64: 0 | T64: 0 | U64: 0 | V64: 0 | W64: 0 | X64: 0 | Y64: 0 | Z64: 0 | AA64: 1 | AB64: 0 | AC64: 0 | AD64: 2 | AE64: 2 | AF64: 4 | AG64: 0 | AH64: 0 | AI64: -
A65: 174 | B65: Isac Lundeström | C65: CBJ | D65: C | E65: 1 | F65: 7.45 | G65: 0 | H65: 1 | I65: 0 | J65: 1 | K65: 1 | L65: 100 | M65: 0 | N65: - | O65: 0 | P65: 0 | Q65: 0 | R65: 0 | S65: 0 | T65: 0 | U65: 0 | V65: 0 | W65: 0 | X65: 0 | Y65: 0 | Z65: 0 | AA65: 0 | AB65: 0 | AC65: 0 | AD65: 4 | AE65: 0 | AF65: 0 | AG65: 1 | AH65: 1 | AI65: 50
A66: 125 | B66: Ivan Provorov | C66: CBJ | D66: D | E66: 1 | F66: 23.033333 | G66: 0 | H66: 0 | I66: 0 | J66: 0 | K66: 0 | L66: - | M66: 2 | N66: 0 | O66: 0.04 | P66: 4 | Q66: 3 | R66: 0 | S66: 0 | T66: 0 | U66: 0 | V66: 0 | W66: 0 | X66: 0 | Y66: 0 | Z66: 0 | AA66: 0 | AB66: 2 | AC66: 1 | AD66: 0 | AE66: 0 | AF66: 0 | AG66: 0 | AH66: 0 | AI66: -
A67: 194 | B67: Jake Christiansen | C67: CBJ | D67: D | E67: 1 | F67: 10.683333 | G67: 0 | H67: 0 | I67: 0 | J67: 0 | K67: 0 | L67: - | M67: 1 | N67: 0 | O67: 0.01 | P67: 3 | Q67: 1 | R67: 1 | S67: 1 | T67: 0 | U67: 0 | V67: 0 | W67: 0 | X67: 0 | Y67: 0 | Z67: 0 | AA67: 0 | AB67: 0 | AC67: 0 | AD67: 4 | AE67: 2 | AF67: 0 | AG67: 0 | AH67: 0 | AI67: -
A68: 247 | B68: Kent Johnson | C68: CBJ | D68: C | E68: 1 | F68: 11.25 | G68: 0 | H68: 0 | I68: 0 | J68: 0 | K68: 0 | L68: - | M68: 0 | N68: - | O68: 0.01 | P68: 1 | Q68: 1 | R68: 0 | S68: 0 | T68: 0 | U68: 0 | V68: 0 | W68: 0 | X68: 0 | Y68: 0 | Z68: 0 | AA68: 0 | AB68: 0 | AC68: 0 | AD68: 0 | AE68: 0 | AF68: 0 | AG68: 0 | AH68: 0 | AI68: -
A69: 187 | B69: Kirill Marchenko | C69: CBJ | D69: R | E69: 1 | F69: 17.583333 | G69: 0 | H69: 0 | I69: 0 | J69: 0 | K69: 0 | L69: - | M69: 3 | N69: 0 | O69: 0.21 | P69: 4 | Q69: 4 | R69: 1 | S69: 0 | T69: 0 | U69: 0 | V69: 0 | W69: 0 | X69: 0 | Y69: 0 | Z69: 0 | AA69: 0 | AB69: 1 | AC69: 0 | AD69: 1 | AE69: 1 | AF69: 0 | AG69: 0 | AH69: 0 | AI69: -
A70: 135 | B70: Mason Marchment | C70: CBJ | D70: L | E70: 1 | F70: 18.383333 | G70: 0 | H70: 0 | I70: 0 | J70: 0 | K70: 0 | L70: - | M70: 1 | N70: 0 | O70: 0.11 | P70: 2 | Q70: 2 | R70: 1 | S70: 0 | T70: 0 | U70: 0 | V70: 0 | W70: 0 | X70: 0 | Y70: 0 | Z70: 0 | AA70: 0 | AB70: 2 | AC70: 0 | AD70: 2 | AE70: 0 | AF70: 1 | AG70: 0 | AH70: 0 | AI70: -
A71: 151 | B71: Mathieu Olivier | C71: CBJ | D71: R | E71: 1 | F71: 16.483333 | G71: 0 | H71: 0 | I71: 0 | J71: 0 | K71: 0 | L71: - | M71: 5 | N71: 0 | O71: 0.11 | P71: 5 | Q71: 5 | R71: 1 | S71: 1 | T71: 0 | U71: 0 | V71: 0 | W71: 0 | X71: 0 | Y71: 0 | Z71: 0 | AA71: 0 | AB71: 1 | AC71: 0 | AD71: 5 | AE71: 1 | AF71: 1 | AG71: 0 | AH71: 0 | AI71: -
A72: 82 | B72: Sean Monahan | C72: CBJ | D72: C | E72: 1 | F72: 17.916667 | G72: 0 | H72: 0 | I72: 0 | J72: 0 | K72: 0 | L72: - | M72: 0 | N72: - | O72: 0 | P72: 1 | Q72: 0 | R72: 0 | S72: 0 | T72: 0 | U72: 0 | V72: 0 | W72: 0 | X72: 0 | Y72: 0 | Z72: 0 | AA72: 0 | AB72: 2 | AC72: 1 | AD72: 0 | AE72: 0 | AF72: 0 | AG72: 1 | AH72: 8 | AI72: 11.11
A73: 120 | B73: Zach Werenski | C73: CBJ | D73: D | E73: 1 | F73: 27.75 | G73: 1 | H73: 0 | I73: 0 | J73: 0 | K73: 1 | L73: 100 | M73: 3 | N73: 33.33 | O73: 0.17 | P73: 7 | Q73: 6 | R73: 3 | S73: 0 | T73: 0 | U73: 0 | V73: 0 | W73: 0 | X73: 0 | Y73: 0 | Z73: 0 | AA73: 0 | AB73: 0 | AC73: 0 | AD73: 1 | AE73: 0 | AF73: 3 | AG73: 0 | AH73: 0 | AI73: -
A74: 206 | B74: Alex Vlasic | C74: CHI | D74: D | E74: 1 | F74: 25.616667 | G74: 0 | H74: 0 | I74: 0 | J74: 0 | K74: 0 | L74: - | M74: 0 | N74: - | O74: 0 | P74: 0 | Q74: 0 | R74: 0 | S74: 0 | T74: 0 | U74: 0 | V74: 2 | W74: 1 | X74: 1 | Y74: 0 | Z74: 0 | AA74: 0 | AB74: 2 | AC74: 0 | AD74: 0 | AE74: 3 | AF74: 0 | AG74: 0 | AH74: 0 | AI74: -
A75: 74 | B75: Andre Burakovsky | C75: CHI | D75: L | E75: 1 | F75: 18.216667 | G75: 0 | H75: 0 | I75: 0 | J75: 0 | K75: 0 | L75: - | M75: 1 | N75: 0 | O75: 0.03 | P75: 1 | Q75: 1 | R75: 1 | S75: 0 | T75: 0 | U75: 0 | V75: 0 | W75: 0 | X75: 0 | Y75: 0 | Z75: 0 | AA75: 0 | AB75: 1 | AC75: 0 | AD75: 0 | AE75: 0 | AF75: 2 | AG75: 1 | AH75: 1 | AI75: 50
A76: 284 | B76: Artyom Levshunov | C76: CHI | D76: D | E76: 1 | F76: 16.616667 | G76: 0 | H76: 0 | I76: 0 | J76: 0 | K76: 0 | L76: - | M76: 0 | N76: - | O76: 0 | P76: 0 | Q76: 0 | R76: 0 | S76: 0 | T76: 0 | U76: 0 | V76: 2 | W76: 1 | X76: 1 | Y76: 0 | Z76: 0 | AA76: 0 | AB76: 0 | AC76: 1 | AD76: 1 | AE76: 2 | AF76: 0 | AG76: 0 | AH76: 0 | AI76: -
A77: 250 | B77: Colton Dach | C77: CHI | D77: C | E77: 1 | F77: 10.183333 | G77: 0 | H77: 0 | I77: 0 | J77: 0 | K77: 0 | L77: - | M77: 0 | N77: - | O77: 0 | P77: 0 | Q77: 0 | R77: 0 | S77: 0 | T77: 0 | U77: 0 | V77: 0 | W77: 0 | X77: 0 | Y77: 0 | Z77: 0 | AA77: 0 | AB77: 1 | AC77: 0 | AD77: 6 | AE77: 1 | AF77: 1 | AG77: 0 | AH77: 1 | AI77: 0
A78: 275 | B78: Connor Bedard | C78: CHI | D78: C | E78: 1 | F78: 20.816667 | G78: 0 | H78: 0 | I78: 0 | J78: 0 | K78: 0 | L78: - | M78: 3 | N78: 0 | O78: 0.31 | P78: 5 | Q78: 5 | R78: 1 | S78: 0 | T78: 0 | U78: 0 | V78: 0 | W78: 0 | X78: 0 | Y78: 0 | Z78: 0 | AA78: 0 | AB78: 0 | AC78: 1 | AD78: 1 | AE78: 1 | AF78: 0 | AG78: 0 | AH78: 0 | AI78: -
A79: 48 | B79: Connor Murphy | C79: CHI | D79: D | E79: 1 | F79: 22.283333 | G79: 1 | H79: 0 | I79: 0 | J79: 0 | K79: 1 | L79: 33.33 | M79: 1 | N79: 100 | O79: 0.14 | P79: 1 | Q79: 1 | R79: 1 | S79: 1 | T79: 0 | U79: 0 | V79: 0 | W79: 0 | X79: 0 | Y79: 0 | Z79: 0 | AA79: 0 | AB79: 1 | AC79: 0 | AD79: 0 | AE79: 2 | AF79: 1 | AG79: 0 | AH79: 0 | AI79: -
A80: 265 | B80: Frank Nazar | C80: CHI | D80: C | E80: 1 | F80: 18.5 | G80: 0 | H80: 0 | I80: 0 | J80: 0 | K80: 0 | L80: 0 | M80: 4 | N80: 0 | O80: 0.36 | P80: 7 | Q80: 7 | R80: 3 | S80: 2 | T80: 0 | U80: 0 | V80: 0 | W80: 0 | X80: 0 | Y80: 0 | Z80: 0 | AA80: 0 | AB80: 2 | AC80: 0 | AD80: 1 | AE80: 1 | AF80: 0 | AG80: 6 | AH80: 3 | AI80: 66.67
A81: 215 | B81: Ilya Mikheyev | C81: CHI | D81: R | E81: 1 | F81: 18.583333 | G81: 1 | H81: 1 | I81: 0 | J81: 1 | K81: 2 | L81: 100 | M81: 2 | N81: 50 | O81: 0.44 | P81: 2 | Q81: 2 | R81: 2 | S81: 1 | T81: 0 | U81: 1 | V81: 0 | W81: 0 | X81: 0 | Y81: 0 | Z81: 0 | AA81: 0 | AB81: 0 | AC81: 2 | AD81: 0 | AE81: 3 | AF81: 1 | AG81: 0 | AH81: 0 | AI81: -
A82: 239 | B82: Landon Slaggert | C82: CHI | D82: L | E82: 1 | F82: 12.366667 | G82: 0 | H82: 0 | I82: 0 | J82: 0 | K82: 0 | L82: - | M82: 0 | N82: - | O82: 0 | P82: 0 | Q82: 0 | R82: 0 | S82: 0 | T82: 0 | U82: 0 | V82: 0 | W82: 0 | X82: 0 | Y82: 0 | Z82: 0 | AA82: 1 | AB82: 0 | AC82: 0 | AD82: 0 | AE82: 0 | AF82: 1 | AG82: 0 | AH82: 0 | AI82: -
A83: 219 | B83: Louis Crevier | C83: CHI | D83: D | E83: 1 | F83: 22.35 | G83: 0 | H83: 0 | I83: 0 | J83: 0 | K83: 0 | L83: - | M83: 1 | N83: 0 | O83: 0.07 | P83: 7 | Q83: 3 | R83: 1 | S83: 0 | T83: 0 | U83: 1 | V83: 0 | W83: 0 | X83: 0 | Y83: 0 | Z83: 0 | AA83: 0 | AB83: 2 | AC83: 0 | AD83: 5 | AE83: 4 | AF83: 4 | AG83: 0 | AH83: 0 | AI83: -
A84: 61 | B84: Matt Grzelcyk | C84: CHI | D84: D | E84: 1 | F84: 13.95 | G84: 0 | H84: 0 | I84: 0 | J84: 0 | K84: 0 | L84: 0 | M84: 1 | N84: 0 | O84: 0.01 | P84: 2 | Q84: 2 | R84: 0 | S84: 0 | T84: 0 | U84: 0 | V84: 2 | W84: 1 | X84: 1 | Y84: 0 | Z84: 0 | AA84: 0 | AB84: 0 | AC84: 0 | AD84: 0 | AE84: 2 | AF84: 0 | AG84: 0 | AH84: 0 | AI84: -
A85: 3 | B85: Nick Foligno | C85: CHI | D85: L | E85: 1 | F85: 10.1 | G85: 0 | H85: 0 | I85: 0 | J85: 0 | K85: 0 | L85: - | M85: 1 | N85: 0 | O85: 0.11 | P85: 1 | Q85: 1 | R85: 1 | S85: 0 | T85: 0 | U85: 0 | V85: 0 | W85: 0 | X85: 0 | Y85: 0 | Z85: 0 | AA85: 0 | AB85: 0 | AC85: 0 | AD85: 5 | AE85: 0 | AF85: 2 | AG85: 0 | AH85: 8 | AI85: 0
A86: 278 | B86: Nick Lardis | C86: CHI | D86: L | E86: 1 | F86: 11.5 | G86: 1 | H86: 0 | I86: 0 | J86: 0 | K86: 1 | L86: 100 | M86: 2 | N86: 50 | O86: 0.17 | P86: 3 | Q86: 2 | R86: 1 | S86: 1 | T86: 0 | U86: 0 | V86: 0 | W86: 0 | X86: 0 | Y86: 0 | Z86: 0 | AA86: 0 | AB86: 0 | AC86: 0 | AD86: 1 | AE86: 2 | AF86: 0 | AG86: 0 | AH86: 0 | AI86: -
A87: 279 | B87: Oliver Moore | C87: CHI | D87: C | E87: 1 | F87: 12.85 | G87: 0 | H87: 1 | I87: 0 | J87: 1 | K87: 1 | L87: 100 | M87: 2 | N87: 0 | O87: 0.44 | P87: 3 | Q87: 3 | R87: 3 | S87: 3 | T87: 0 | U87: 1 | V87: 7 | W87: 2 | X87: 1 | Y87: 1 | Z87: 0 | AA87: 1 | AB87: 1 | AC87: 0 | AD87: 0 | AE87: 2 | AF87: 0 | AG87: 6 | AH87: 7 | AI87: 46.15
A88: 97 | B88: Ryan Donato | C88: CHI | D88: C | E88: 1 | F88: 10.816667 | G88: 0 | H88: 1 | I88: 1 | J88: 0 | K88: 1 | L88: 100 | M88: 1 | N88: 0 | O88: 0.05 | P88: 1 | Q88: 1 | R88: 1 | S88: 0 | T88: 0 | U88: 0 | V88: 0 | W88: 0 | X88: 0 | Y88: 0 | Z88: 0 | AA88: 0 | AB88: 0 | AC88: 0 | AD88: 0 | AE88: 1 | AF88: 0 | AG88: 0 | AH88: 0 | AI88: -
A89: 259 | B89: Ryan Greene | C89: CHI | D89: C | E89: 1 | F89: 18.816667 | G89: 0 | H89: 0 | I89: 0 | J89: 0 | K89: 0 | L89: 0 | M89: 1 | N89: 0 | O89: 0.03 | P89: 1 | Q89: 1 | R89: 1 | S89: 0 | T89: 0 | U89: 0 | V89: 0 | W89: 0 | X89: 0 | Y89: 0 | Z89: 0 | AA89: 0 | AB89: 0 | AC89: 1 | AD89: 0 | AE89: 1 | AF89: 1 | AG89: 7 | AH89: 16 | AI89: 30.43
A90: 80 | B90: Tyler Bertuzzi | C90: CHI | D90: L | E90: 1 | F90: 18.766667 | G90: 0 | H90: 1 | I90: 1 | J90: 0 | K90: 1 | L90: 100 | M90: 0 | N90: - | O90: 0 | P90: 0 | Q90: 0 | R90: 0 | S90: 0 | T90: 0 | U90: 0 | V90: 2 | W90: 1 | X90: 1 | Y90: 0 | Z90: 0 | AA90: 0 | AB90: 1 | AC90: 0 | AD90: 2 | AE90: 1 | AF90: 1 | AG90: 1 | AH90: 3 | AI90: 25
A91: 240 | B91: Wyatt Kaiser | C91: CHI | D91: D | E91: 1 | F91: 22.666667 | G91: 0 | H91: 0 | I91: 0 | J91: 0 | K91: 0 | L91: 0 | M91: 2 | N91: 0 | O91: 0.07 | P91: 4 | Q91: 3 | R91: 1 | S91: 1 | T91: 1 | U91: 0 | V91: 0 | W91: 0 | X91: 0 | Y91: 0 | Z91: 0 | AA91: 0 | AB91: 0 | AC91: 1 | AD91: 0 | AE91: 3 | AF91: 0 | AG91: 0 | AH91: 0 | AI91: -
A92: 31 | B92: Alex Petrovic | C92: DAL | D92: D | E92: 1 | F92: 12.066667 | G92: 0 | H92: 0 | I92: 0 | J92: 0 | K92: 0 | L92: - | M92: 0 | N92: - | O92: 0 | P92: 3 | Q92: 0 | R92: 1 | S92: 0 | T92: 0 | U92: 1 | V92: 0 | W92: 0 | X92: 0 | Y92: 0 | Z92: 0 | AA92: 0 | AB92: 0 | AC92: 0 | AD92: 1 | AE92: 3 | AF92: 0 | AG92: 0 | AH92: 0 | AI92: -
A93: 40 | B93: Colin Blackwell | C93: DAL | D93: C | E93: 1 | F93: 8.6833333 | G93: 0 | H93: 0 | I93: 0 | J93: 0 | K93: 0 | L93: - | M93: 0 | N93: - | O93: 0 | P93: 2 | Q93: 0 | R93: 0 | S93: 0 | T93: 0 | U93: 1 | V93: 0 | W93: 0 | X93: 0 | Y93: 0 | Z93: 0 | AA93: 0 | AB93: 0 | AC93: 0 | AD93: 0 | AE93: 0 | AF93: 1 | AG93: 1 | AH93: 0 | AI93: 100
A94: 62 | B94: Esa Lindell | C94: DAL | D94: D | E94: 1 | F94: 19.783333 | G94: 0 | H94: 0 | I94: 0 | J94: 0 | K94: 0 | L94: - | M94: 2 | N94: 0 | O94: 0.11 | P94: 4 | Q94: 2 | R94: 2 | S94: 1 | T94: 0 | U94: 0 | V94: 0 | W94: 0 | X94: 0 | Y94: 0 | Z94: 0 | AA94: 0 | AB94: 0 | AC94: 0 | AD94: 0 | AE94: 3 | AF94: 0 | AG94: 0 | AH94: 0 | AI94: -
A95: 188 | B95: Ilya Lyubushkin | C95: DAL | D95: D | E95: 1 | F95: 15.75 | G95: 0 | H95: 0 | I95: 0 | J95: 0 | K95: 0 | L95: - | M95: 0 | N95: - | O95: 0.25 | P95: 2 | Q95: 2 | R95: 2 | S95: 1 | T95: 0 | U95: 0 | V95: 0 | W95: 0 | X95: 0 | Y95: 0 | Z95: 0 | AA95: 0 | AB95: 0 | AC95: 0 | AD95: 0 | AE95: 1 | AF95: 0 | AG95: 0 | AH95: 0 | AI95: -
A96: 8 | B96: Jamie Benn | C96: DAL | D96: L | E96: 1 | F96: 14.4 | G96: 0 | H96: 0 | I96: 0 | J96: 0 | K96: 0 | L96: - | M96: 1 | N96: 0 | O96: 0.18 | P96: 1 | Q96: 1 | R96: 1 | S96: 1 | T96: 0 | U96: 0 | V96: 0 | W96: 0 | X96: 0 | Y96: 0 | Z96: 0 | AA96: 0 | AB96: 0 | AC96: 0 | AD96: 1 | AE96: 1 | AF96: 0 | AG96: 0 | AH96: 0 | AI96: -
A97: 158 | B97: Jason Robertson | C97: DAL | D97: L | E97: 1 | F97: 23.233333 | G97: 0 | H97: 0 | I97: 0 | J97: 0 | K97: 0 | L97: - | M97: 2 | N97: 0 | O97: 0.22 | P97: 6 | Q97: 4 | R97: 3 | S97: 0 | T97: 0 | U97: 1 | V97: 0 | W97: 0 | X97: 0 | Y97: 0 | Z97: 0 | AA97: 1 | AB97: 4 | AC97: 2 | AD97: 1 | AE97: 0 | AF97: 0 | AG97: 0 | AH97: 0 | AI97: -
A98: 286 | B98: Justin Hryckowian | C98: DAL | D98: C | E98: 1 | F98: 15.95 | G98: 0 | H98: 0 | I98: 0 | J98: 0 | K98: 0 | L98: - | M98: 1 | N98: 0 | O98: 0.11 | P98: 2 | Q98: 2 | R98: 1 | S98: 1 | T98: 0 | U98: 0 | V98: 2 | W98: 1 | X98: 1 | Y98: 0 | Z98: 0 | AA98: 0 | AB98: 0 | AC98: 0 | AD98: 0 | AE98: 4 | AF98: 3 | AG98: 3 | AH98: 4 | AI98: 42.86
A99: 20 | B99: Matt Duchene | C99: DAL | D99: C | E99: 1 | F99: 20.866667 | G99: 0 | H99: 0 | I99: 0 | J99: 0 | K99: 0 | L99: - | M99: 2 | N99: 0 | O99: 0.63 | P99: 5 | Q99: 5 | R99: 5 | S99: 3 | T99: 0 | U99: 1 | V99: 0 | W99: 0 | X99: 0 | Y99: 0 | Z99: 0 | AA99: 0 | AB99: 1 | AC99: 0 | AD99: 0 | AE99: 3 | AF99: 0 | AG99: 4 | AH99: 1 | AI99: 80
A100: 236 | B100: Mavrik Bourque | C100: DAL | D100: C | E100: 1 | F100: 16.95 | G100: 0 | H100: 0 | I100: 0 | J100: 0 | K100: 0 | L100: - | M100: 3 | N100: 0 | O100: 0.2 | P100: 3 | Q100: 3 | R100: 3 | S100: 1 | T100: 0 | U100: 0 | V100: 0 | W100: 0 | X100: 0 | Y100: 0 | Z100: 0 | AA100: 0 | AB100: 1 | AC100: 0 | AD100: 1 | AE100: 2 | AF100: 0 | AG100: 4 | AH100: 5 | AI100: 44.44
...
