Workbook

Sheet Actual
A1: Player | B1: Roster Position | C1: %Drafted | D1: FPTS
A2: Connor McDavid | B2: C | C2: 0.4586 | D2: 18
A3: Ilya Sorokin | B3: G | C3: 0.3759 | D3: 24.7
A4: Viktor Arvidsson | B4: W | C4: 0.3114 | D4: 0
A5: Leon Draisaitl | B5: C | C5: 0.2763 | D5: 24.5
A6: Evan Bouchard | B6: D | C6: 0.2693 | D6: 9.1
A7: Pavel Zacha | B7: C | C7: 0.2637 | D7: 3
A8: Zach Hyman | B8: W | C8: 0.2553 | D8: 20.6
A9: Morgan Geekie | B9: W | C9: 0.2328 | D9: 15.8
A10: Charlie McAvoy | B10: D | C10: 0.202 | D10: 8
A11: Elias Lindholm | B11: C | C11: 0.1964 | D11: 25.6
A12: Mattias Ekholm | B12: D | C12: 0.1809 | D12: 40.1
A13: David Pastrnak | B13: W | C13: 0.1795 | D13: 22.3
... A159: Kevin Stenlund | B159: C | C159: 0.0014 | D159: 0

Sheet Projected
A1: name | B1: team | C1: position | D1: salary | E1: projected_fpts | F1: dk_avg_fpts | G1: edge | H1: value | I1: floor | J1: ceiling | K1: player_type | L1: actual | M1: ownership | N1: TOI
A2: Ryan Strome | B2: ANA | C2: C | D2: 2600 | E2: 5.1173032 | F2: 3.67 | G2: 1.4473032 | H2: 1.9681935 | I2: 1.2793258 | J2: 17.793258 | K2: skater | L2: =IFERROR(VLOOKUP($A2,Actual!$A:$D,4,FALSE),IFERROR(VLOOKUP($A2,fc!$A:$AC,29,FALSE),"Not Found")) -> 1.3 | M2: =IFERROR(VLOOKUP($A2,Actual!$A:$D,3,FALSE),"0") -> 0.0168 | N2: =IFERROR(VLOOKUP($A2,NHT!$B:$F,5,FALSE),IFERROR(VLOOKUP(A2,fc!A:AD,28,FALSE),"Not Found")) -> 4.7
A3: Jack Finley | B3: TBL | C3: C | D3: 2500 | E3: 3.4240006 | F3: 2.2 | G3: 1.2240006 | H3: 1.3696002 | I3: 0.85600014 | J3: 13.560001 | K3: skater | L3: =IFERROR(VLOOKUP($A3,Actual!$A:$D,4,FALSE),IFERROR(VLOOKUP($A3,fc!$A:$AC,29,FALSE),"Not Found")) -> 2.6 | M3: =IFERROR(VLOOKUP($A3,Actual!$A:$D,3,FALSE),"0") -> 0 | N3: =IFERROR(VLOOKUP($A3,NHT!$B:$F,5,FALSE),IFERROR(VLOOKUP(A3,fc!A:AD,28,FALSE),"Not Found")) -> 7.1833333
A4: Brandon Tanev | B4: UTA | C4: W | D4: 2500 | E4: 2.2118496 | F4: 2.35 | G4: -0.13815037 | H4: 0.88473985 | I4: 0.55296241 | J4: 10.529624 | K4: skater | L4: =IFERROR(VLOOKUP($A4,Actual!$A:$D,4,FALSE),IFERROR(VLOOKUP($A4,fc!$A:$AC,29,FALSE),"Not Found")) -> 0 | M4: =IFERROR(VLOOKUP($A4,Actual!$A:$D,3,FALSE),"0") -> 0 | N4: =IFERROR(VLOOKUP($A4,NHT!$B:$F,5,FALSE),IFERROR(VLOOKUP(A4,fc!A:AD,28,FALSE),"Not Found")) -> 7.65
A5: Trent Frederic | B5: EDM | C5: C | D5: 2500 | E5: 2.8479338 | F5: 2.2 | G5: 0.64793384 | H5: 1.1391735 | I5: 0.71198346 | J5: 12.119835 | K5: skater | L5: =IFERROR(VLOOKUP($A5,Actual!$A:$D,4,FALSE),IFERROR(VLOOKUP($A5,fc!$A:$AC,29,FALSE),"Not Found")) -> 4.5 | M5: =IFERROR(VLOOKUP($A5,Actual!$A:$D,3,FALSE),"0") -> 0.0014 | N5: =IFERROR(VLOOKUP($A5,NHT!$B:$F,5,FALSE),IFERROR(VLOOKUP(A5,fc!A:AD,28,FALSE),"Not Found")) -> 7.9833333
A6: Nick Paul | B6: TBL | C6: W | D6: 2900 | E6: 6.3275909 | F6: 4.96 | G6: 1.3675909 | H6: 2.1819279 | I6: 1.5818977 | J6: 20.818977 | K6: skater | L6: =IFERROR(VLOOKUP($A6,Actual!$A:$D,4,FALSE),IFERROR(VLOOKUP($A6,fc!$A:$AC,29,FALSE),"Not Found")) -> 2.8 | M6: =IFERROR(VLOOKUP($A6,Actual!$A:$D,3,FALSE),"0") -> 0.0182 | N6: =IFERROR(VLOOKUP($A6,NHT!$B:$F,5,FALSE),IFERROR(VLOOKUP(A6,fc!A:AD,28,FALSE),"Not Found")) -> 8.6833333
A7: Matt Rempe | B7: NYR | C7: C | D7: 2500 | E7: 2.602115 | F7: 1.64 | G7: 0.96211502 | H7: 1.040846 | I7: 0.65052875 | J7: 11.505288 | K7: skater | L7: =IFERROR(VLOOKUP($A7,Actual!$A:$D,4,FALSE),IFERROR(VLOOKUP($A7,fc!$A:$AC,29,FALSE),"Not Found")) -> 3 | M7: =IFERROR(VLOOKUP($A7,Actual!$A:$D,3,FALSE),"0") -> 0 | N7: =IFERROR(VLOOKUP($A7,NHT!$B:$F,5,FALSE),IFERROR(VLOOKUP(A7,fc!A:AD,28,FALSE),"Not Found")) -> 8.7166667
A8: Sam Carrick | B8: NYR | C8: C | D8: 2500 | E8: 4.2352707 | F8: 3.4 | G8: 0.8352707 | H8: 1.6941083 | I8: 1.0588177 | J8: 15.588177 | K8: skater | L8: =IFERROR(VLOOKUP($A8,Actual!$A:$D,4,FALSE),IFERROR(VLOOKUP($A8,fc!$A:$AC,29,FALSE),"Not Found")) -> 0 | M8: =IFERROR(VLOOKUP($A8,Actual!$A:$D,3,FALSE),"0") -> 0 | N8: =IFERROR(VLOOKUP($A8,NHT!$B:$F,5,FALSE),IFERROR(VLOOKUP(A8,fc!A:AD,28,FALSE),"Not Found")) -> 8.8666667
A9: Taylor Raddysh | B9: NYR | C9: W | D9: 2500 | E9: 4.79344 | F9: 3.87 | G9: 0.92343999 | H9: 1.917376 | I9: 1.19836 | J9: 16.9836 | K9: skater | L9: =IFERROR(VLOOKUP($A9,Actual!$A:$D,4,FALSE),IFERROR(VLOOKUP($A9,fc!$A:$AC,29,FALSE),"Not Found")) -> 0 | M9: =IFERROR(VLOOKUP($A9,Actual!$A:$D,3,FALSE),"0") -> 0 | N9: =IFERROR(VLOOKUP($A9,NHT!$B:$F,5,FALSE),IFERROR(VLOOKUP(A9,fc!A:AD,28,FALSE),"Not Found")) -> 9.5166667
A10: Ross Johnston | B10: ANA | C10: W | D10: 2500 | E10: 3.5647142 | F10: 2.52 | G10: 1.0447142 | H10: 1.4258857 | I10: 0.89117854 | J10: 13.911785 | K10: skater | L10: =IFERROR(VLOOKUP($A10,Actual!$A:$D,4,FALSE),IFERROR(VLOOKUP($A10,fc!$A:$AC,29,FALSE),"Not Found")) -> 1.3 | M10: =IFERROR(VLOOKUP($A10,Actual!$A:$D,3,FALSE),"0") -> 0 | N10: =IFERROR(VLOOKUP($A10,NHT!$B:$F,5,FALSE),IFERROR(VLOOKUP(A10,fc!A:AD,28,FALSE),"Not Found")) -> 9.65
A11: Tanner Jeannot | B11: BOS | C11: W | D11: 2500 | E11: 5.2745977 | F11: 5.28 | G11: -0.0054023085 | H11: 2.1098391 | I11: 1.3186494 | J11: 18.186494 | K11: skater | L11: =IFERROR(VLOOKUP($A11,Actual!$A:$D,4,FALSE),IFERROR(VLOOKUP($A11,fc!$A:$AC,29,FALSE),"Not Found")) -> 1.5 | M11: =IFERROR(VLOOKUP($A11,Actual!$A:$D,3,FALSE),"0") -> 0.0182 | N11: =IFERROR(VLOOKUP($A11,NHT!$B:$F,5,FALSE),IFERROR(VLOOKUP(A11,fc!A:AD,28,FALSE),"Not Found")) -> 9.8166667
A12: Brennan Othmann | B12: NYR | C12: W | D12: 2500 | E12: 3.6727104 | F12: 2.86 | G12: 0.81271043 | H12: 1.4690842 | I12: 0.91817761 | J12: 14.181776 | K12: skater | L12: =IFERROR(VLOOKUP($A12,Actual!$A:$D,4,FALSE),IFERROR(VLOOKUP($A12,fc!$A:$AC,29,FALSE),"Not Found")) -> 1.3 | M12: =IFERROR(VLOOKUP($A12,Actual!$A:$D,3,FALSE),"0") -> 0.0014 | N12: =IFERROR(VLOOKUP($A12,NHT!$B:$F,5,FALSE),IFERROR(VLOOKUP(A12,fc!A:AD,28,FALSE),"Not Found")) -> 9.95
A13: Maxim Tsyplakov | B13: NYI | C13: W | D13: 2500 | E13: 2.9309304 | F13: 1.74 | G13: 1.1909304 | H13: 1.1723722 | I13: 0.73273259 | J13: 12.327326 | K13: skater | L13: =IFERROR(VLOOKUP($A13,Actual!$A:$D,4,FALSE),IFERROR(VLOOKUP($A13,fc!$A:$AC,29,FALSE),"Not Found")) -> 6.5 | M13: =IFERROR(VLOOKUP($A13,Actual!$A:$D,3,FALSE),"0") -> 0.0014 | N13: =IFERROR(VLOOKUP($A13,NHT!$B:$F,5,FALSE),IFERROR(VLOOKUP(A13,fc!A:AD,28,FALSE),"Not Found")) -> 10.066667
... A143: Jonathan Quick | B143: NYR | C143: G | D143: 7600 | E143: 9.6388019 | F143: 7.32 | G143: 2.3188019 | H143: 1.2682634 | I143: 1.9277604 | J143: 29.277604 | K143: goalie | L143: =IFERROR(VLOOKUP($A143,Actual!$A:$D,4,FALSE),IFERROR(VLOOKUP($A143,fc!$A:$AC,29,FALSE),"Not Found")) -> 15.2 | M143: =IFERROR(VLOOKUP($A143,Actual!$A:$D,3,FALSE),"0") -> 0.0238 | N143: =IFERROR(VLOOKUP($A143,NHT!$B:$F,5,FALSE),IFERROR(VLOOKUP(A143,fc!A:AD,28,FALSE),"Not Found")) -> 63.816667

Sheet NHT
B1: Player | C1: Team | D1: Position | E1: GP | F1: TOI | G1: Goals | H1: Total Assists | I1: First Assists | J1: Second Assists | K1: Total Points | L1: IPP | M1: Shots | N1: SH% | O1: ixG | P1: iCF | Q1: iFF | R1: iSCF | S1: iHDCF | T1: Rush Attempts | U1: Rebounds Created | V1: PIM | W1: Total Penalties | X1: Minor | Y1: Major | Z1: Misconduct | AA1: Penalties Drawn | AB1: Giveaways | AC1: Takeaways | AD1: Hits | AE1: Hits Taken | AF1: Shots Blocked | AG1: Faceoffs Won | AH1: Faceoffs Lost | AI1: Faceoffs %
A2: 92 | B2: Adam Boqvist | C2: NYI | D2: D | E2: 1 | F2: 14.283333 | G2: 0 | H2: 0 | I2: 0 | J2: 0 | K2: 0 | L2: - | M2: 0 | N2: - | O2: 0 | P2: 0 | Q2: 0 | R2: 0 | S2: 0 | T2: 0 | U2: 0 | V2: 2 | W2: 1 | X2: 1 | Y2: 0 | Z2: 0 | AA2: 0 | AB2: 0 | AC2: 0 | AD2: 1 | AE2: 2 | AF2: 1 | AG2: 0 | AH2: 0 | AI2: -
A3: 26 | B3: Adam Pelech | C3: NYI | D3: D | E3: 1 | F3: 24.15 | G3: 0 | H3: 1 | I3: 0 | J3: 1 | K3: 1 | L3: 50 | M3: 0 | N3: - | O3: 0.01 | P3: 1 | Q3: 1 | R3: 0 | S3: 0 | T3: 0 | U3: 0 | V3: 0 | W3: 0 | X3: 0 | Y3: 0 | Z3: 0 | AA3: 0 | AB3: 1 | AC3: 1 | AD3: 0 | AE3: 1 | AF3: 1 | AG3: 0 | AH3: 0 | AI3: -
A4: 1 | B4: Alex Killorn | C4: ANA | D4: L | E4: 1 | F4: 19.3 | G4: 1 | H4: 0 | I4: 0 | J4: 0 | K4: 1 | L4: 50 | M4: 1 | N4: 100 | O4: 0.14 | P4: 2 | Q4: 1 | R4: 2 | S4: 1 | T4: 0 | U4: 1 | V4: 0 | W4: 0 | X4: 0 | Y4: 0 | Z4: 0 | AA4: 0 | AB4: 2 | AC4: 0 | AD4: 0 | AE4: 0 | AF4: 0 | AG4: 1 | AH4: 1 | AI4: 50
A5: 119 | B5: Alex Steeves | C5: BOS | D5: C | E5: 1 | F5: 11.416667 | G5: 0 | H5: 0 | I5: 0 | J5: 0 | K5: 0 | L5: - | M5: 1 | N5: 0 | O5: 0.11 | P5: 2 | Q5: 1 | R5: 1 | S5: 1 | T5: 0 | U5: 0 | V5: 0 | W5: 0 | X5: 0 | Y5: 0 | Z5: 0 | AA5: 0 | AB5: 0 | AC5: 0 | AD5: 2 | AE5: 2 | AF5: 1 | AG5: 0 | AH5: 0 | AI5: -
A6: 107 | B6: Alexis Lafrenière | C6: NYR | D6: L | E6: 1 | F6: 19.083333 | G6: 0 | H6: 1 | I6: 0 | J6: 1 | K6: 1 | L6: 100 | M6: 0 | N6: - | O6: 0.12 | P6: 1 | Q6: 1 | R6: 1 | S6: 1 | T6: 0 | U6: 0 | V6: 0 | W6: 0 | X6: 0 | Y6: 0 | Z6: 0 | AA6: 0 | AB6: 1 | AC6: 0 | AD6: 6 | AE6: 0 | AF6: 1 | AG6: 0 | AH6: 0 | AI6: -
A7: 6 | B7: Anders Lee | C7: NYI | D7: L | E7: 1 | F7: 13.9 | G7: 0 | H7: 1 | I7: 0 | J7: 1 | K7: 1 | L7: 50 | M7: 3 | N7: 0 | O7: 0.59 | P7: 4 | Q7: 3 | R7: 3 | S7: 3 | T7: 0 | U7: 1 | V7: 0 | W7: 0 | X7: 0 | Y7: 0 | Z7: 0 | AA7: 0 | AB7: 0 | AC7: 0 | AD7: 0 | AE7: 0 | AF7: 0 | AG7: 0 | AH7: 1 | AI7: 0
A8: 70 | B8: Andrew Peeke | C8: BOS | D8: D | E8: 1 | F8: 17.733333 | G8: 0 | H8: 0 | I8: 0 | J8: 0 | K8: 0 | L8: - | M8: 2 | N8: 0 | O8: 0.05 | P8: 4 | Q8: 3 | R8: 0 | S8: 0 | T8: 0 | U8: 0 | V8: 0 | W8: 0 | X8: 0 | Y8: 0 | Z8: 0 | AA8: 0 | AB8: 2 | AC8: 0 | AD8: 0 | AE8: 9 | AF8: 0 | AG8: 0 | AH8: 0 | AI8: -
A9: 59 | B9: Anthony Cirelli | C9: T.B | D9: C | E9: 1 | F9: 17.283333 | G9: 1 | H9: 0 | I9: 0 | J9: 0 | K9: 1 | L9: 50 | M9: 1 | N9: 100 | O9: 0.05 | P9: 1 | Q9: 1 | R9: 1 | S9: 0 | T9: 0 | U9: 0 | V9: 0 | W9: 0 | X9: 0 | Y9: 0 | Z9: 0 | AA9: 0 | AB9: 0 | AC9: 1 | AD9: 1 | AE9: 1 | AF9: 0 | AG9: 8 | AH9: 7 | AI9: 53.33
A10: 30 | B10: Anthony Duclair | C10: NYI | D10: L | E10: 1 | F10: 16.033333 | G10: 0 | H10: 2 | I10: 0 | J10: 2 | K10: 2 | L10: 100 | M10: 1 | N10: 0 | O10: 0.03 | P10: 3 | Q10: 1 | R10: 1 | S10: 0 | T10: 0 | U10: 1 | V10: 0 | W10: 0 | X10: 0 | Y10: 0 | Z10: 0 | AA10: 0 | AB10: 2 | AC10: 0 | AD10: 0 | AE10: 2 | AF10: 0 | AG10: 0 | AH10: 0 | AI10: -
A11: 60 | B11: Artemi Panarin | C11: NYR | D11: L | E11: 1 | F11: 24.25 | G11: 0 | H11: 1 | I11: 1 | J11: 0 | K11: 1 | L11: 100 | M11: 2 | N11: 0 | O11: 0.59 | P11: 7 | Q11: 6 | R11: 4 | S11: 1 | T11: 0 | U11: 0 | V11: 0 | W11: 0 | X11: 0 | Y11: 0 | Z11: 0 | AA11: 1 | AB11: 2 | AC11: 2 | AD11: 0 | AE11: 0 | AF11: 0 | AG11: 0 | AH11: 0 | AI11: -
A12: 90 | B12: Barrett Hayton | C12: UTA | D12: C | E12: 1 | F12: 15.466667 | G12: 0 | H12: 0 | I12: 0 | J12: 0 | K12: 0 | L12: - | M12: 5 | N12: 0 | O12: 1.11 | P12: 8 | Q12: 7 | R12: 5 | S12: 4 | T12: 0 | U12: 3 | V12: 0 | W12: 0 | X12: 0 | Y12: 0 | Z12: 0 | AA12: 1 | AB12: 1 | AC12: 0 | AD12: 0 | AE12: 4 | AF12: 0 | AG12: 7 | AH12: 3 | AI12: 70
A13: 140 | B13: Beckett Sennecke | C13: ANA | D13: R | E13: 1 | F13: 25.516667 | G13: 0 | H13: 2 | I13: 2 | J13: 0 | K13: 2 | L13: 66.67 | M13: 7 | N13: 0 | O13: 0.76 | P13: 11 | Q13: 10 | R13: 7 | S13: 5 | T13: 0 | U13: 0 | V13: 0 | W13: 0 | X13: 0 | Y13: 0 | Z13: 0 | AA13: 1 | AB13: 0 | AC13: 1 | AD13: 1 | AE13: 2 | AF13: 0 | AG13: 0 | AH13: 0 | AI13: -
A14: 37 | B14: Bo Horvat | C14: NYI | D14: C | E14: 1 | F14: 19.283333 | G14: 0 | H14: 0 | I14: 0 | J14: 0 | K14: 0 | L14: - | M14: 1 | N14: 0 | O14: 0.02 | P14: 3 | Q14: 1 | R14: 0 | S14: 0 | T14: 0 | U14: 0 | V14: 0 | W14: 0 | X14: 0 | Y14: 0 | Z14: 0 | AA14: 1 | AB14: 1 | AC14: 1 | AD14: 2 | AE14: 1 | AF14: 0 | AG14: 6 | AH14: 11 | AI14: 35.29
A15: 100 | B15: Bobby Brink | C15: PHI | D15: R | E15: 1 | F15: 15.016667 | G15: 0 | H15: 0 | I15: 0 | J15: 0 | K15: 0 | L15: - | M15: 0 | N15: - | O15: 0.04 | P15: 1 | Q15: 1 | R15: 0 | S15: 0 | T15: 0 | U15: 0 | V15: 0 | W15: 0 | X15: 0 | Y15: 0 | Z15: 0 | AA15: 0 | AB15: 0 | AC15: 0 | AD15: 2 | AE15: 0 | AF15: 0 | AG15: 0 | AH15: 0 | AI15: -
A16: 105 | B16: Braden Schneider | C16: NYR | D16: D | E16: 1 | F16: 21.133333 | G16: 0 | H16: 0 | I16: 0 | J16: 0 | K16: 0 | L16: - | M16: 1 | N16: 0 | O16: 0.03 | P16: 3 | Q16: 3 | R16: 0 | S16: 0 | T16: 0 | U16: 0 | V16: 0 | W16: 0 | X16: 0 | Y16: 0 | Z16: 0 | AA16: 0 | AB16: 0 | AC16: 0 | AD16: 0 | AE16: 3 | AF16: 5 | AG16: 0 | AH16: 0 | AI16: -
A17: 73 | B17: Brandon Hagel | C17: T.B | D17: L | E17: 1 | F17: 21.766667 | G17: 0 | H17: 0 | I17: 0 | J17: 0 | K17: 0 | L17: 0 | M17: 4 | N17: 0 | O17: 0.79 | P17: 12 | Q17: 7 | R17: 8 | S17: 5 | T17: 0 | U17: 4 | V17: 2 | W17: 1 | X17: 1 | Y17: 0 | Z17: 0 | AA17: 1 | AB17: 0 | AC17: 0 | AD17: 0 | AE17: 3 | AF17: 1 | AG17: 3 | AH17: 2 | AI17: 60
A18: 65 | B18: Brandon Tanev | C18: UTA | D18: L | E18: 1 | F18: 7.65 | G18: 0 | H18: 0 | I18: 0 | J18: 0 | K18: 0 | L18: - | M18: 0 | N18: - | O18: 0 | P18: 0 | Q18: 0 | R18: 0 | S18: 0 | T18: 0 | U18: 0 | V18: 0 | W18: 0 | X18: 0 | Y18: 0 | Z18: 0 | AA18: 0 | AB18: 2 | AC18: 1 | AD18: 3 | AE18: 1 | AF18: 0 | AG18: 0 | AH18: 0 | AI18: -
A19: 123 | B19: Brennan Othmann | C19: NYR | D19: L | E19: 1 | F19: 9.95 | G19: 0 | H19: 0 | I19: 0 | J19: 0 | K19: 0 | L19: 0 | M19: 0 | N19: - | O19: 0 | P19: 0 | Q19: 0 | R19: 0 | S19: 0 | T19: 0 | U19: 0 | V19: 0 | W19: 0 | X19: 0 | Y19: 0 | Z19: 0 | AA19: 0 | AB19: 0 | AC19: 0 | AD19: 6 | AE19: 1 | AF19: 1 | AG19: 0 | AH19: 0 | AI19: -
A20: 99 | B20: Cam York | C20: PHI | D20: D | E20: 1 | F20: 22.45 | G20: 0 | H20: 0 | I20: 0 | J20: 0 | K20: 0 | L20: - | M20: 4 | N20: 0 | O20: 0.3 | P20: 6 | Q20: 6 | R20: 3 | S20: 1 | T20: 0 | U20: 1 | V20: 2 | W20: 1 | X20: 1 | Y20: 0 | Z20: 0 | AA20: 0 | AB20: 1 | AC20: 0 | AD20: 0 | AE20: 1 | AF20: 3 | AG20: 0 | AH20: 0 | AI20: -
A21: 67 | B21: Carl Grundstrom | C21: PHI | D21: R | E21: 1 | F21: 10.533333 | G21: 0 | H21: 0 | I21: 0 | J21: 0 | K21: 0 | L21: - | M21: 1 | N21: 0 | O21: 0.02 | P21: 1 | Q21: 1 | R21: 0 | S21: 0 | T21: 0 | U21: 0 | V21: 0 | W21: 0 | X21: 0 | Y21: 0 | Z21: 0 | AA21: 0 | AB21: 1 | AC21: 0 | AD21: 3 | AE21: 1 | AF21: 0 | AG21: 0 | AH21: 0 | AI21: -
A22: 5 | B22: Casey Cizikas | C22: NYI | D22: C | E22: 1 | F22: 15.6 | G22: 0 | H22: 1 | I22: 1 | J22: 0 | K22: 1 | L22: 100 | M22: 2 | N22: 0 | O22: 0.04 | P22: 2 | Q22: 2 | R22: 0 | S22: 0 | T22: 0 | U22: 0 | V22: 0 | W22: 0 | X22: 0 | Y22: 0 | Z22: 0 | AA22: 0 | AB22: 1 | AC22: 0 | AD22: 0 | AE22: 1 | AF22: 1 | AG22: 10 | AH22: 5 | AI22: 66.67
A23: 79 | B23: Casey Mittelstadt | C23: BOS | D23: C | E23: 1 | F23: 13.75 | G23: 0 | H23: 0 | I23: 0 | J23: 0 | K23: 0 | L23: - | M23: 1 | N23: 0 | O23: 0.01 | P23: 1 | Q23: 1 | R23: 0 | S23: 0 | T23: 0 | U23: 0 | V23: 0 | W23: 0 | X23: 0 | Y23: 0 | Z23: 0 | AA23: 0 | AB23: 1 | AC23: 0 | AD23: 0 | AE23: 0 | AF23: 0 | AG23: 0 | AH23: 0 | AI23: -
A24: 66 | B24: Charlie McAvoy | C24: BOS | D24: D | E24: 1 | F24: 24.116667 | G24: 0 | H24: 1 | I24: 0 | J24: 1 | K24: 1 | L24: 100 | M24: 2 | N24: 0 | O24: 0.08 | P24: 2 | Q24: 2 | R24: 0 | S24: 0 | T24: 0 | U24: 0 | V24: 4 | W24: 2 | X24: 2 | Y24: 0 | Z24: 0 | AA24: 0 | AB24: 3 | AC24: 0 | AD24: 0 | AE24: 3 | AF24: 0 | AG24: 0 | AH24: 0 | AI24: -
A25: 3 | B25: Chris Kreider | C25: ANA | D25: L | E25: 1 | F25: 17.3 | G25: 0 | H25: 1 | I25: 1 | J25: 0 | K25: 1 | L25: 33.33 | M25: 4 | N25: 0 | O25: 0.53 | P25: 6 | Q25: 6 | R25: 5 | S25: 4 | T25: 0 | U25: 1 | V25: 0 | W25: 0 | X25: 0 | Y25: 0 | Z25: 0 | AA25: 0 | AB25: 2 | AC25: 1 | AD25: 0 | AE25: 0 | AF25: 0 | AG25: 0 | AH25: 0 | AI25: -
A26: 46 | B26: Christian Dvorak | C26: PHI | D26: C | E26: 1 | F26: 19 | G26: 0 | H26: 0 | I26: 0 | J26: 0 | K26: 0 | L26: - | M26: 1 | N26: 0 | O26: 0.3 | P26: 3 | Q26: 3 | R26: 3 | S26: 1 | T26: 0 | U26: 0 | V26: 0 | W26: 0 | X26: 0 | Y26: 0 | Z26: 0 | AA26: 0 | AB26: 1 | AC26: 0 | AD26: 1 | AE26: 1 | AF26: 1 | AG26: 3 | AH26: 7 | AI26: 30
A27: 68 | B27: Clayton Keller | C27: UTA | D27: R | E27: 1 | F27: 19.933333 | G27: 0 | H27: 0 | I27: 0 | J27: 0 | K27: 0 | L27: - | M27: 1 | N27: 0 | O27: 0.1 | P27: 3 | Q27: 1 | R27: 1 | S27: 1 | T27: 0 | U27: 1 | V27: 0 | W27: 0 | X27: 0 | Y27: 0 | Z27: 0 | AA27: 1 | AB27: 1 | AC27: 0 | AD27: 0 | AE27: 1 | AF27: 0 | AG27: 0 | AH27: 0 | AI27: -
A28: 51 | B28: Connor McDavid | C28: EDM | D28: C | E28: 1 | F28: 23.6 | G28: 1 | H28: 1 | I28: 0 | J28: 1 | K28: 2 | L28: 50 | M28: 3 | N28: 33.33 | O28: 1.23 | P28: 5 | Q28: 4 | R28: 3 | S28: 2 | T28: 0 | U28: 0 | V28: 0 | W28: 0 | X28: 0 | Y28: 0 | Z28: 0 | AA28: 1 | AB28: 4 | AC28: 1 | AD28: 0 | AE28: 0 | AF28: 0 | AG28: 8 | AH28: 9 | AI28: 47.06
A29: 38 | B29: Curtis Lazar | C29: EDM | D29: C | E29: 1 | F29: 11.4 | G29: 0 | H29: 0 | I29: 0 | J29: 0 | K29: 0 | L29: - | M29: 1 | N29: 0 | O29: 0.16 | P29: 2 | Q29: 1 | R29: 0 | S29: 0 | T29: 0 | U29: 0 | V29: 0 | W29: 0 | X29: 0 | Y29: 0 | Z29: 0 | AA29: 0 | AB29: 0 | AC29: 0 | AD29: 3 | AE29: 0 | AF29: 0 | AG29: 7 | AH29: 6 | AI29: 53.85
A30: 126 | B30: Cutter Gauthier | C30: ANA | D30: L | E30: 1 | F30: 17.916667 | G30: 0 | H30: 1 | I30: 0 | J30: 1 | K30: 1 | L30: 50 | M30: 5 | N30: 0 | O30: 0.52 | P30: 8 | Q30: 8 | R30: 5 | S30: 0 | T30: 1 | U30: 1 | V30: 0 | W30: 0 | X30: 0 | Y30: 0 | Z30: 0 | AA30: 1 | AB30: 0 | AC30: 1 | AD30: 1 | AE30: 0 | AF30: 0 | AG30: 0 | AH30: 2 | AI30: 0
A31: 138 | B31: Daniil But | C31: UTA | D31: L | E31: 1 | F31: 12.833333 | G31: 0 | H31: 0 | I31: 0 | J31: 0 | K31: 0 | L31: - | M31: 2 | N31: 0 | O31: 0.14 | P31: 3 | Q31: 3 | R31: 1 | S31: 0 | T31: 0 | U31: 1 | V31: 0 | W31: 0 | X31: 0 | Y31: 0 | Z31: 0 | AA31: 0 | AB31: 0 | AC31: 1 | AD31: 1 | AE31: 1 | AF31: 0 | AG31: 0 | AH31: 1 | AI31: 0
A32: 35 | B32: Darnell Nurse | C32: EDM | D32: D | E32: 1 | F32: 22.383333 | G32: 1 | H32: 0 | I32: 0 | J32: 0 | K32: 1 | L32: 100 | M32: 2 | N32: 50 | O32: 0.11 | P32: 6 | Q32: 3 | R32: 2 | S32: 0 | T32: 0 | U32: 0 | V32: 0 | W32: 0 | X32: 0 | Y32: 0 | Z32: 0 | AA32: 1 | AB32: 1 | AC32: 0 | AD32: 1 | AE32: 3 | AF32: 2 | AG32: 0 | AH32: 0 | AI32: -
A33: 49 | B33: Darren Raddysh | C33: T.B | D33: D | E33: 1 | F33: 25.283333 | G33: 1 | H33: 0 | I33: 0 | J33: 0 | K33: 1 | L33: 50 | M33: 3 | N33: 33.33 | O33: 0.17 | P33: 4 | Q33: 4 | R33: 1 | S33: 0 | T33: 0 | U33: 0 | V33: 0 | W33: 0 | X33: 0 | Y33: 0 | Z33: 0 | AA33: 1 | AB33: 1 | AC33: 0 | AD33: 2 | AE33: 1 | AF33: 1 | AG33: 0 | AH33: 0 | AI33: -
A34: 45 | B34: David Pastrnak | C34: BOS | D34: R | E34: 1 | F34: 22.5 | G34: 0 | H34: 3 | I34: 3 | J34: 0 | K34: 3 | L34: 100 | M34: 2 | N34: 0 | O34: 0.12 | P34: 6 | Q34: 3 | R34: 2 | S34: 0 | T34: 0 | U34: 1 | V34: 0 | W34: 0 | X34: 0 | Y34: 0 | Z34: 0 | AA34: 0 | AB34: 2 | AC34: 0 | AD34: 1 | AE34: 1 | AF34: 1 | AG34: 0 | AH34: 0 | AI34: -
A35: 125 | B35: Declan Carlile | C35: T.B | D35: D | E35: 1 | F35: 17.4 | G35: 0 | H35: 0 | I35: 0 | J35: 0 | K35: 0 | L35: - | M35: 0 | N35: - | O35: 0 | P35: 1 | Q35: 0 | R35: 1 | S35: 0 | T35: 0 | U35: 0 | V35: 4 | W35: 2 | X35: 2 | Y35: 0 | Z35: 0 | AA35: 1 | AB35: 1 | AC35: 0 | AD35: 1 | AE35: 1 | AF35: 0 | AG35: 0 | AH35: 0 | AI35: -
A36: 135 | B36: Denver Barkey | C36: PHI | D36: C | E36: 1 | F36: 14.683333 | G36: 0 | H36: 0 | I36: 0 | J36: 0 | K36: 0 | L36: - | M36: 1 | N36: 0 | O36: 0.12 | P36: 1 | Q36: 1 | R36: 1 | S36: 1 | T36: 0 | U36: 0 | V36: 0 | W36: 0 | X36: 0 | Y36: 0 | Z36: 0 | AA36: 0 | AB36: 0 | AC36: 0 | AD36: 0 | AE36: 0 | AF36: 0 | AG36: 1 | AH36: 0 | AI36: 100
A37: 134 | B37: Dominic James | C37: T.B | D37: C | E37: 1 | F37: 13.233333 | G37: 0 | H37: 0 | I37: 0 | J37: 0 | K37: 0 | L37: - | M37: 4 | N37: 0 | O37: 0.28 | P37: 5 | Q37: 5 | R37: 3 | S37: 1 | T37: 0 | U37: 0 | V37: 0 | W37: 0 | X37: 0 | Y37: 0 | Z37: 0 | AA37: 1 | AB37: 1 | AC37: 0 | AD37: 0 | AE37: 0 | AF37: 0 | AG37: 2 | AH37: 3 | AI37: 40
A38: 101 | B38: Drew Helleson | C38: ANA | D38: D | E38: 1 | F38: 14.933333 | G38: 0 | H38: 0 | I38: 0 | J38: 0 | K38: 0 | L38: - | M38: 0 | N38: - | O38: 0 | P38: 1 | Q38: 0 | R38: 1 | S38: 0 | T38: 0 | U38: 0 | V38: 0 | W38: 0 | X38: 0 | Y38: 0 | Z38: 0 | AA38: 0 | AB38: 2 | AC38: 0 | AD38: 3 | AE38: 0 | AF38: 0 | AG38: 0 | AH38: 0 | AI38: -
A39: 122 | B39: Dylan Guenther | C39: UTA | D39: R | E39: 1 | F39: 18.466667 | G39: 0 | H39: 0 | I39: 0 | J39: 0 | K39: 0 | L39: - | M39: 5 | N39: 0 | O39: 0.58 | P39: 11 | Q39: 9 | R39: 4 | S39: 2 | T39: 0 | U39: 2 | V39: 0 | W39: 0 | X39: 0 | Y39: 0 | Z39: 0 | AA39: 0 | AB39: 0 | AC39: 1 | AD39: 0 | AE39: 0 | AF39: 1 | AG39: 0 | AH39: 0 | AI39: -
A40: 34 | B40: Elias Lindholm | C40: BOS | D40: C | E40: 1 | F40: 20.716667 | G40: 2 | H40: 0 | I40: 0 | J40: 0 | K40: 2 | L40: 66.67 | M40: 4 | N40: 50 | O40: 0.82 | P40: 8 | Q40: 7 | R40: 6 | S40: 6 | T40: 0 | U40: 0 | V40: 0 | W40: 0 | X40: 0 | Y40: 0 | Z40: 0 | AA40: 0 | AB40: 1 | AC40: 0 | AD40: 0 | AE40: 0 | AF40: 2 | AG40: 7 | AH40: 9 | AI40: 43.75
A41: 108 | B41: Emil Andrae | C41: PHI | D41: D | E41: 1 | F41: 12.716667 | G41: 0 | H41: 0 | I41: 0 | J41: 0 | K41: 0 | L41: - | M41: 0 | N41: - | O41: 0 | P41: 0 | Q41: 0 | R41: 0 | S41: 0 | T41: 0 | U41: 0 | V41: 0 | W41: 0 | X41: 0 | Y41: 0 | Z41: 0 | AA41: 1 | AB41: 0 | AC41: 0 | AD41: 2 | AE41: 1 | AF41: 0 | AG41: 0 | AH41: 0 | AI41: -
A42: 117 | B42: Emil Heineman | C42: NYI | D42: L | E42: 1 | F42: 17.25 | G42: 0 | H42: 0 | I42: 0 | J42: 0 | K42: 0 | L42: - | M42: 0 | N42: - | O42: 0.09 | P42: 1 | Q42: 1 | R42: 1 | S42: 1 | T42: 0 | U42: 0 | V42: 0 | W42: 0 | X42: 0 | Y42: 0 | Z42: 0 | AA42: 0 | AB42: 1 | AC42: 0 | AD42: 1 | AE42: 1 | AF42: 1 | AG42: 0 | AH42: 0 | AI42: -
A43: 52 | B43: Erik Cernak | C43: T.B | D43: D | E43: 1 | F43: 15.25 | G43: 0 | H43: 0 | I43: 0 | J43: 0 | K43: 0 | L43: - | M43: 2 | N43: 0 | O43: 0.08 | P43: 2 | Q43: 2 | R43: 1 | S43: 0 | T43: 0 | U43: 0 | V43: 0 | W43: 0 | X43: 0 | Y43: 0 | Z43: 0 | AA43: 0 | AB43: 1 | AC43: 0 | AD43: 5 | AE43: 3 | AF43: 1 | AG43: 0 | AH43: 0 | AI43: -
A44: 88 | B44: Evan Bouchard | C44: EDM | D44: D | E44: 1 | F44: 22.783333 | G44: 0 | H44: 1 | I44: 0 | J44: 1 | K44: 1 | L44: 25 | M44: 1 | N44: 0 | O44: 0.07 | P44: 2 | Q44: 2 | R44: 0 | S44: 0 | T44: 0 | U44: 0 | V44: 0 | W44: 0 | X44: 0 | Y44: 0 | Z44: 0 | AA44: 0 | AB44: 2 | AC44: 0 | AD44: 2 | AE44: 1 | AF44: 2 | AG44: 0 | AH44: 0 | AI44: -
A45: 128 | B45: Fraser Minten | C45: BOS | D45: C | E45: 1 | F45: 14.816667 | G45: 0 | H45: 0 | I45: 0 | J45: 0 | K45: 0 | L45: - | M45: 0 | N45: - | O45: 0 | P45: 1 | Q45: 0 | R45: 1 | S45: 0 | T45: 0 | U45: 0 | V45: 0 | W45: 0 | X45: 0 | Y45: 0 | Z45: 0 | AA45: 0 | AB45: 1 | AC45: 0 | AD45: 1 | AE45: 0 | AF45: 0 | AG45: 4 | AH45: 6 | AI45: 40
A46: 136 | B46: Gabe Perreault | C46: NYR | D46: R | E46: 1 | F46: 16.583333 | G46: 0 | H46: 1 | I46: 1 | J46: 0 | K46: 1 | L46: 100 | M46: 3 | N46: 0 | O46: 0.27 | P46: 5 | Q46: 3 | R46: 5 | S46: 2 | T46: 0 | U46: 1 | V46: 0 | W46: 0 | X46: 0 | Y46: 0 | Z46: 0 | AA46: 1 | AB46: 0 | AC46: 0 | AD46: 0 | AE46: 0 | AF46: 0 | AG46: 0 | AH46: 0 | AI46: -
A47: 115 | B47: Gage Goncalves | C47: T.B | D47: C | E47: 1 | F47: 12.566667 | G47: 0 | H47: 0 | I47: 0 | J47: 0 | K47: 0 | L47: - | M47: 1 | N47: 0 | O47: 0.06 | P47: 1 | Q47: 1 | R47: 0 | S47: 0 | T47: 0 | U47: 0 | V47: 0 | W47: 0 | X47: 0 | Y47: 0 | Z47: 0 | AA47: 0 | AB47: 1 | AC47: 0 | AD47: 5 | AE47: 1 | AF47: 1 | AG47: 0 | AH47: 0 | AI47: -
A48: 23 | B48: Hampus Lindholm | C48: BOS | D48: D | E48: 1 | F48: 24.816667 | G48: 0 | H48: 0 | I48: 0 | J48: 0 | K48: 0 | L48: 0 | M48: 2 | N48: 0 | O48: 0.14 | P48: 3 | Q48: 3 | R48: 3 | S48: 1 | T48: 1 | U48: 0 | V48: 0 | W48: 0 | X48: 0 | Y48: 0 | Z48: 0 | AA48: 1 | AB48: 1 | AC48: 0 | AD48: 0 | AE48: 3 | AF48: 3 | AG48: 0 | AH48: 0 | AI48: -
A49: 82 | B49: Henri Jokiharju | C49: BOS | D49: D | E49: 1 | F49: 20.433333 | G49: 0 | H49: 0 | I49: 0 | J49: 0 | K49: 0 | L49: 0 | M49: 0 | N49: - | O49: 0.03 | P49: 2 | Q49: 1 | R49: 0 | S49: 0 | T49: 0 | U49: 0 | V49: 2 | W49: 1 | X49: 1 | Y49: 0 | Z49: 0 | AA49: 0 | AB49: 0 | AC49: 0 | AD49: 0 | AE49: 2 | AF49: 1 | AG49: 0 | AH49: 0 | AI49: -
A50: 2 | B50: Ian Cole | C50: UTA | D50: D | E50: 1 | F50: 13.666667 | G50: 0 | H50: 0 | I50: 0 | J50: 0 | K50: 0 | L50: - | M50: 1 | N50: 0 | O50: 0.03 | P50: 1 | Q50: 1 | R50: 0 | S50: 0 | T50: 0 | U50: 0 | V50: 7 | W50: 2 | X50: 1 | Y50: 1 | Z50: 0 | AA50: 1 | AB50: 0 | AC50: 0 | AD50: 1 | AE50: 0 | AF50: 0 | AG50: 0 | AH50: 0 | AI50: -
A51: 114 | B51: Ian Moore | C51: ANA | D51: D | E51: 1 | F51: 12.883333 | G51: 0 | H51: 0 | I51: 0 | J51: 0 | K51: 0 | L51: - | M51: 2 | N51: 0 | O51: 0.35 | P51: 3 | Q51: 3 | R51: 2 | S51: 1 | T51: 0 | U51: 0 | V51: 0 | W51: 0 | X51: 0 | Y51: 0 | Z51: 0 | AA51: 0 | AB51: 0 | AC51: 0 | AD51: 1 | AE51: 1 | AF51: 0 | AG51: 0 | AH51: 0 | AI51: -
A52: 127 | B52: Isaiah George | C52: NYI | D52: D | E52: 1 | F52: 12.65 | G52: 0 | H52: 1 | I52: 1 | J52: 0 | K52: 1 | L52: 100 | M52: 0 | N52: - | O52: 0.01 | P52: 1 | Q52: 1 | R52: 0 | S52: 0 | T52: 0 | U52: 0 | V52: 0 | W52: 0 | X52: 0 | Y52: 0 | Z52: 0 | AA52: 0 | AB52: 1 | AC52: 1 | AD52: 1 | AE52: 2 | AF52: 0 | AG52: 0 | AH52: 0 | AI52: -
A53: 120 | B53: J.J. Moser | C53: T.B | D53: D | E53: 1 | F53: 25.483333 | G53: 0 | H53: 1 | I53: 1 | J53: 0 | K53: 1 | L53: 100 | M53: 3 | N53: 0 | O53: 0.04 | P53: 4 | Q53: 3 | R53: 2 | S53: 0 | T53: 0 | U53: 1 | V53: 0 | W53: 0 | X53: 0 | Y53: 0 | Z53: 0 | AA53: 0 | AB53: 0 | AC53: 0 | AD53: 0 | AE53: 0 | AF53: 5 | AG53: 0 | AH53: 0 | AI53: -
A54: 21 | B54: J.T. Miller | C54: NYR | D54: C | E54: 1 | F54: 21.2 | G54: 1 | H54: 0 | I54: 0 | J54: 0 | K54: 1 | L54: 50 | M54: 1 | N54: 100 | O54: 0.05 | P54: 1 | Q54: 1 | R54: 1 | S54: 0 | T54: 0 | U54: 0 | V54: 0 | W54: 0 | X54: 0 | Y54: 0 | Z54: 0 | AA54: 0 | AB54: 3 | AC54: 1 | AD54: 0 | AE54: 1 | AF54: 1 | AG54: 4 | AH54: 4 | AI54: 50
A55: 106 | B55: Jack Finley | C55: T.B | D55: C | E55: 1 | F55: 7.1833333 | G55: 0 | H55: 0 | I55: 0 | J55: 0 | K55: 0 | L55: - | M55: 0 | N55: - | O55: 0 | P55: 0 | Q55: 0 | R55: 0 | S55: 0 | T55: 0 | U55: 0 | V55: 0 | W55: 0 | X55: 0 | Y55: 0 | Z55: 0 | AA55: 0 | AB55: 0 | AC55: 0 | AD55: 0 | AE55: 0 | AF55: 2 | AG55: 4 | AH55: 4 | AI55: 50
A56: 91 | B56: Jack McBain | C56: UTA | D56: C | E56: 1 | F56: 13.216667 | G56: 0 | H56: 0 | I56: 0 | J56: 0 | K56: 0 | L56: - | M56: 3 | N56: 0 | O56: 0.4 | P56: 3 | Q56: 3 | R56: 2 | S56: 2 | T56: 0 | U56: 0 | V56: 0 | W56: 0 | X56: 0 | Y56: 0 | Z56: 0 | AA56: 0 | AB56: 1 | AC56: 0 | AD56: 2 | AE56: 0 | AF56: 0 | AG56: 4 | AH56: 6 | AI56: 40
A57: 56 | B57: Jack Roslovic | C57: EDM | D57: C | E57: 1 | F57: 11.216667 | G57: 0 | H57: 0 | I57: 0 | J57: 0 | K57: 0 | L57: 0 | M57: 3 | N57: 0 | O57: 0.28 | P57: 4 | Q57: 4 | R57: 2 | S57: 1 | T57: 0 | U57: 1 | V57: 2 | W57: 1 | X57: 1 | Y57: 0 | Z57: 0 | AA57: 0 | AB57: 0 | AC57: 0 | AD57: 0 | AE57: 1 | AF57: 0 | AG57: 3 | AH57: 4 | AI57: 42.86
A58: 102 | B58: Jackson LaCombe | C58: ANA | D58: D | E58: 1 | F58: 26.266667 | G58: 0 | H58: 1 | I58: 0 | J58: 1 | K58: 1 | L58: 33.33 | M58: 0 | N58: - | O58: 0.04 | P58: 4 | Q58: 2 | R58: 0 | S58: 0 | T58: 0 | U58: 1 | V58: 0 | W58: 0 | X58: 0 | Y58: 0 | Z58: 0 | AA58: 0 | AB58: 0 | AC58: 0 | AD58: 4 | AE58: 1 | AF58: 3 | AG58: 0 | AH58: 0 | AI58: -
A59: 25 | B59: Jacob Trouba | C59: ANA | D59: D | E59: 1 | F59: 22.816667 | G59: 0 | H59: 1 | I59: 0 | J59: 1 | K59: 1 | L59: 100 | M59: 8 | N59: 0 | O59: 0.18 | P59: 9 | Q59: 8 | R59: 1 | S59: 0 | T59: 0 | U59: 0 | V59: 0 | W59: 0 | X59: 0 | Y59: 0 | Z59: 0 | AA59: 0 | AB59: 2 | AC59: 1 | AD59: 1 | AE59: 1 | AF59: 3 | AG59: 0 | AH59: 0 | AI59: -
A60: 28 | B60: Jake Guentzel | C60: T.B | D60: C | E60: 1 | F60: 18.55 | G60: 0 | H60: 1 | I60: 0 | J60: 1 | K60: 1 | L60: 100 | M60: 1 | N60: 0 | O60: 0.33 | P60: 4 | Q60: 3 | R60: 2 | S60: 1 | T60: 0 | U60: 1 | V60: 0 | W60: 0 | X60: 0 | Y60: 0 | Z60: 0 | AA60: 0 | AB60: 0 | AC60: 0 | AD60: 0 | AE60: 0 | AF60: 0 | AG60: 0 | AH60: 2 | AI60: 0
A61: 47 | B61: Jake Walman | C61: EDM | D61: D | E61: 1 | F61: 22.55 | G61: 0 | H61: 0 | I61: 0 | J61: 0 | K61: 0 | L61: 0 | M61: 2 | N61: 0 | O61: 0.11 | P61: 5 | Q61: 3 | R61: 2 | S61: 0 | T61: 0 | U61: 0 | V61: 0 | W61: 0 | X61: 0 | Y61: 0 | Z61: 0 | AA61: 0 | AB61: 0 | AC61: 1 | AD61: 0 | AE61: 1 | AF61: 0 | AG61: 0 | AH61: 0 | AI61: -
A62: 109 | B62: Jamie Drysdale | C62: PHI | D62: D | E62: 1 | F62: 19.4 | G62: 0 | H62: 0 | I62: 0 | J62: 0 | K62: 0 | L62: - | M62: 1 | N62: 0 | O62: 0.04 | P62: 1 | Q62: 1 | R62: 0 | S62: 0 | T62: 0 | U62: 0 | V62: 0 | W62: 0 | X62: 0 | Y62: 0 | Z62: 0 | AA62: 0 | AB62: 0 | AC62: 0 | AD62: 0 | AE62: 0 | AF62: 1 | AG62: 0 | AH62: 0 | AI62: -
A63: 53 | B63: Jansen Harkins | C63: ANA | D63: C | E63: 1 | F63: 11.433333 | G63: 0 | H63: 0 | I63: 0 | J63: 0 | K63: 0 | L63: - | M63: 2 | N63: 0 | O63: 0.08 | P63: 3 | Q63: 2 | R63: 1 | S63: 1 | T63: 0 | U63: 0 | V63: 2 | W63: 1 | X63: 1 | Y63: 0 | Z63: 0 | AA63: 1 | AB63: 0 | AC63: 0 | AD63: 1 | AE63: 0 | AF63: 0 | AG63: 6 | AH63: 5 | AI63: 54.55
A64: 14 | B64: Jean-Gabriel Pageau | C64: NYI | D64: C | E64: 1 | F64: 13.5 | G64: 2 | H64: 0 | I64: 0 | J64: 0 | K64: 2 | L64: 100 | M64: 2 | N64: 100 | O64: 0.19 | P64: 3 | Q64: 2 | R64: 2 | S64: 1 | T64: 0 | U64: 0 | V64: 0 | W64: 0 | X64: 0 | Y64: 0 | Z64: 0 | AA64: 0 | AB64: 0 | AC64: 0 | AD64: 0 | AE64: 2 | AF64: 1 | AG64: 10 | AH64: 3 | AI64: 76.92
A65: 76 | B65: Jeffrey Viel | C65: ANA | D65: L | E65: 1 | F65: 12.783333 | G65: 0 | H65: 0 | I65: 0 | J65: 0 | K65: 0 | L65: 0 | M65: 0 | N65: - | O65: 0.06 | P65: 1 | Q65: 1 | R65: 1 | S65: 1 | T65: 0 | U65: 0 | V65: 0 | W65: 0 | X65: 0 | Y65: 0 | Z65: 0 | AA65: 0 | AB65: 0 | AC65: 1 | AD65: 2 | AE65: 1 | AF65: 0 | AG65: 0 | AH65: 0 | AI65: -
A66: 112 | B66: JJ Peterka | C66: UTA | D66: R | E66: 1 | F66: 14.45 | G66: 0 | H66: 0 | I66: 0 | J66: 0 | K66: 0 | L66: - | M66: 2 | N66: 0 | O66: 0.56 | P66: 4 | Q66: 3 | R66: 2 | S66: 2 | T66: 0 | U66: 0 | V66: 0 | W66: 0 | X66: 0 | Y66: 0 | Z66: 0 | AA66: 0 | AB66: 0 | AC66: 0 | AD66: 0 | AE66: 1 | AF66: 1 | AG66: 0 | AH66: 0 | AI66: -
A67: 58 | B67: John Marino | C67: UTA | D67: D | E67: 1 | F67: 20.25 | G67: 0 | H67: 0 | I67: 0 | J67: 0 | K67: 0 | L67: - | M67: 0 | N67: - | O67: 0.02 | P67: 2 | Q67: 2 | R67: 0 | S67: 0 | T67: 0 | U67: 1 | V67: 2 | W67: 1 | X67: 1 | Y67: 0 | Z67: 0 | AA67: 0 | AB67: 0 | AC67: 0 | AD67: 1 | AE67: 1 | AF67: 1 | AG67: 0 | AH67: 0 | AI67: -
A68: 95 | B68: Jonathan Aspirot | C68: BOS | D68: D | E68: 1 | F68: 20.6 | G68: 0 | H68: 0 | I68: 0 | J68: 0 | K68: 0 | L68: - | M68: 0 | N68: - | O68: 0 | P68: 1 | Q68: 0 | R68: 0 | S68: 0 | T68: 0 | U68: 0 | V68: 0 | W68: 0 | X68: 0 | Y68: 0 | Z68: 0 | AA68: 0 | AB68: 0 | AC68: 1 | AD68: 2 | AE68: 6 | AF68: 0 | AG68: 0 | AH68: 0 | AI68: -
A69: 33 | B69: Jonathan Drouin | C69: NYI | D69: L | E69: 1 | F69: 14.8 | G69: 0 | H69: 0 | I69: 0 | J69: 0 | K69: 0 | L69: 0 | M69: 3 | N69: 0 | O69: 0.21 | P69: 3 | Q69: 3 | R69: 2 | S69: 1 | T69: 0 | U69: 0 | V69: 0 | W69: 0 | X69: 0 | Y69: 0 | Z69: 0 | AA69: 0 | AB69: 0 | AC69: 1 | AD69: 0 | AE69: 1 | AF69: 0 | AG69: 4 | AH69: 3 | AI69: 57.14
A70: 139 | B70: Josh Samanski | C70: EDM | D70: C | E70: 1 | F70: 7.7166667 | G70: 0 | H70: 0 | I70: 0 | J70: 0 | K70: 0 | L70: 0 | M70: 0 | N70: - | O70: 0 | P70: 1 | Q70: 0 | R70: 1 | S70: 1 | T70: 0 | U70: 0 | V70: 0 | W70: 0 | X70: 0 | Y70: 0 | Z70: 0 | AA70: 0 | AB70: 0 | AC70: 0 | AD70: 0 | AE70: 1 | AF70: 0 | AG70: 3 | AH70: 1 | AI70: 75
A71: 77 | B71: Kailer Yamamoto | C71: UTA | D71: R | E71: 1 | F71: 10.1 | G71: 0 | H71: 0 | I71: 0 | J71: 0 | K71: 0 | L71: - | M71: 1 | N71: 0 | O71: 0.09 | P71: 1 | Q71: 1 | R71: 1 | S71: 1 | T71: 0 | U71: 0 | V71: 0 | W71: 0 | X71: 0 | Y71: 0 | Z71: 0 | AA71: 0 | AB71: 0 | AC71: 0 | AD71: 0 | AE71: 0 | AF71: 1 | AG71: 0 | AH71: 0 | AI71: -
A72: 44 | B72: Kasperi Kapanen | C72: EDM | D72: R | E72: 1 | F72: 15.566667 | G72: 0 | H72: 0 | I72: 0 | J72: 0 | K72: 0 | L72: 0 | M72: 3 | N72: 0 | O72: 0.22 | P72: 3 | Q72: 3 | R72: 2 | S72: 2 | T72: 0 | U72: 1 | V72: 0 | W72: 0 | X72: 0 | Y72: 0 | Z72: 0 | AA72: 0 | AB72: 1 | AC72: 0 | AD72: 1 | AE72: 0 | AF72: 0 | AG72: 0 | AH72: 0 | AI72: -
A73: 61 | B73: Kevin Stenlund | C73: UTA | D73: C | E73: 1 | F73: 13.783333 | G73: 0 | H73: 0 | I73: 0 | J73: 0 | K73: 0 | L73: - | M73: 0 | N73: - | O73: 0.21 | P73: 2 | Q73: 1 | R73: 1 | S73: 1 | T73: 0 | U73: 1 | V73: 0 | W73: 0 | X73: 0 | Y73: 0 | Z73: 0 | AA73: 0 | AB73: 0 | AC73: 0 | AD73: 1 | AE73: 1 | AF73: 0 | AG73: 8 | AH73: 7 | AI73: 53.33
A74: 96 | B74: Kyle MacLean | C74: NYI | D74: C | E74: 1 | F74: 12.2 | G74: 0 | H74: 0 | I74: 0 | J74: 0 | K74: 0 | L74: - | M74: 0 | N74: - | O74: 0 | P74: 0 | Q74: 0 | R74: 0 | S74: 0 | T74: 0 | U74: 0 | V74: 0 | W74: 0 | X74: 0 | Y74: 0 | Z74: 0 | AA74: 1 | AB74: 0 | AC74: 1 | AD74: 3 | AE74: 2 | AF74: 0 | AG74: 2 | AH74: 0 | AI74: 100
A75: 64 | B75: Lane Pederson | C75: PHI | D75: C | E75: 1 | F75: 10.683333 | G75: 0 | H75: 0 | I75: 0 | J75: 0 | K75: 0 | L75: - | M75: 0 | N75: - | O75: 0 | P75: 0 | Q75: 0 | R75: 0 | S75: 0 | T75: 0 | U75: 0 | V75: 0 | W75: 0 | X75: 0 | Y75: 0 | Z75: 0 | AA75: 0 | AB75: 2 | AC75: 1 | AD75: 4 | AE75: 1 | AF75: 0 | AG75: 4 | AH75: 5 | AI75: 44.44
A76: 57 | B76: Lawson Crouse | C76: UTA | D76: L | E76: 1 | F76: 17.85 | G76: 0 | H76: 0 | I76: 0 | J76: 0 | K76: 0 | L76: - | M76: 0 | N76: - | O76: 0.21 | P76: 1 | Q76: 1 | R76: 1 | S76: 1 | T76: 0 | U76: 0 | V76: 2 | W76: 1 | X76: 1 | Y76: 0 | Z76: 0 | AA76: 0 | AB76: 0 | AC76: 0 | AD76: 0 | AE76: 0 | AF76: 1 | AG76: 1 | AH76: 1 | AI76: 50
A77: 40 | B77: Leon Draisaitl | C77: EDM | D77: C | E77: 1 | F77: 20.15 | G77: 0 | H77: 4 | I77: 2 | J77: 2 | K77: 4 | L77: 100 | M77: 1 | N77: 0 | O77: 0.13 | P77: 4 | Q77: 2 | R77: 1 | S77: 0 | T77: 0 | U77: 0 | V77: 0 | W77: 0 | X77: 0 | Y77: 0 | Z77: 0 | AA77: 0 | AB77: 3 | AC77: 0 | AD77: 0 | AE77: 3 | AF77: 0 | AG77: 10 | AH77: 11 | AI77: 47.62
A78: 113 | B78: Marat Khusnutdinov | C78: BOS | D78: C | E78: 1 | F78: 16.316667 | G78: 0 | H78: 0 | I78: 0 | J78: 0 | K78: 0 | L78: - | M78: 2 | N78: 0 | O78: 0.15 | P78: 2 | Q78: 2 | R78: 2 | S78: 1 | T78: 0 | U78: 0 | V78: 0 | W78: 0 | X78: 0 | Y78: 0 | Z78: 0 | AA78: 0 | AB78: 0 | AC78: 1 | AD78: 1 | AE78: 0 | AF78: 0 | AG78: 0 | AH78: 0 | AI78: -
A79: 131 | B79: Marc Gatcomb | C79: NYI | D79: C | E79: 1 | F79: 12.65 | G79: 0 | H79: 0 | I79: 0 | J79: 0 | K79: 0 | L79: - | M79: 1 | N79: 0 | O79: 0.11 | P79: 2 | Q79: 2 | R79: 2 | S79: 0 | T79: 1 | U79: 0 | V79: 2 | W79: 1 | X79: 1 | Y79: 0 | Z79: 0 | AA79: 0 | AB79: 1 | AC79: 0 | AD79: 3 | AE79: 1 | AF79: 0 | AG79: 0 | AH79: 0 | AI79: -
A80: 86 | B80: Mark Kastelic | C80: BOS | D80: C | E80: 1 | F80: 11.516667 | G80: 0 | H80: 0 | I80: 0 | J80: 0 | K80: 0 | L80: - | M80: 0 | N80: - | O80: 0 | P80: 2 | Q80: 0 | R80: 0 | S80: 0 | T80: 0 | U80: 0 | V80: 0 | W80: 0 | X80: 0 | Y80: 0 | Z80: 0 | AA80: 0 | AB80: 0 | AC80: 0 | AD80: 2 | AE80: 1 | AF80: 0 | AG80: 4 | AH80: 2 | AI80: 66.67
A81: 118 | B81: Mason Lohrei | C81: BOS | D81: D | E81: 1 | F81: 14.816667 | G81: 0 | H81: 1 | I81: 0 | J81: 1 | K81: 1 | L81: 100 | M81: 1 | N81: 0 | O81: 0.07 | P81: 2 | Q81: 2 | R81: 1 | S81: 0 | T81: 0 | U81: 0 | V81: 0 | W81: 0 | X81: 0 | Y81: 0 | Z81: 0 | AA81: 0 | AB81: 1 | AC81: 0 | AD81: 0 | AE81: 1 | AF81: 2 | AG81: 0 | AH81: 0 | AI81: -
A82: 55 | B82: Mathew Barzal | C82: NYI | D82: C | E82: 1 | F82: 17.483333 | G82: 1 | H82: 1 | I82: 1 | J82: 0 | K82: 2 | L82: 100 | M82: 1 | N82: 100 | O82: 0.09 | P82: 3 | Q82: 1 | R82: 1 | S82: 1 | T82: 0 | U82: 0 | V82: 0 | W82: 0 | X82: 0 | Y82: 0 | Z82: 0 | AA82: 0 | AB82: 1 | AC82: 0 | AD82: 0 | AE82: 1 | AF82: 1 | AG82: 1 | AH82: 1 | AI82: 50
A83: 116 | B83: Matt Rempe | C83: NYR | D83: C | E83: 1 | F83: 8.7166667 | G83: 0 | H83: 0 | I83: 0 | J83: 0 | K83: 0 | L83: - | M83: 2 | N83: 0 | O83: 0.2 | P83: 2 | Q83: 2 | R83: 2 | S83: 1 | T83: 0 | U83: 0 | V83: 2 | W83: 1 | X83: 1 | Y83: 0 | Z83: 0 | AA83: 0 | AB83: 0 | AC83: 0 | AD83: 2 | AE83: 1 | AF83: 0 | AG83: 0 | AH83: 0 | AI83: -
A84: 130 | B84: Matt Savoie | C84: EDM | D84: C | E84: 1 | F84: 10.683333 | G84: 0 | H84: 1 | I84: 1 | J84: 0 | K84: 1 | L84: 100 | M84: 2 | N84: 0 | O84: 0.26 | P84: 3 | Q84: 3 | R84: 3 | S84: 2 | T84: 0 | U84: 0 | V84: 4 | W84: 2 | X84: 2 | Y84: 0 | Z84: 0 | AA84: 0 | AB84: 0 | AC84: 1 | AD84: 0 | AE84: 2 | AF84: 0 | AG84: 0 | AH84: 0 | AI84: -
A85: 97 | B85: Matthew Robertson | C85: NYR | D85: D | E85: 1 | F85: 22.016667 | G85: 1 | H85: 0 | I85: 0 | J85: 0 | K85: 1 | L85: 50 | M85: 2 | N85: 50 | O85: 0.14 | P85: 6 | Q85: 4 | R85: 2 | S85: 0 | T85: 0 | U85: 1 | V85: 0 | W85: 0 | X85: 0 | Y85: 0 | Z85: 0 | AA85: 0 | AB85: 0 | AC85: 0 | AD85: 2 | AE85: 3 | AF85: 1 | AG85: 0 | AH85: 0 | AI85: -
A86: 142 | B86: Matthew Schaefer | C86: NYI | D86: D | E86: 1 | F86: 22.316667 | G86: 0 | H86: 0 | I86: 0 | J86: 0 | K86: 0 | L86: - | M86: 1 | N86: 0 | O86: 0.01 | P86: 1 | Q86: 1 | R86: 0 | S86: 0 | T86: 0 | U86: 0 | V86: 0 | W86: 0 | X86: 0 | Y86: 0 | Z86: 0 | AA86: 1 | AB86: 2 | AC86: 1 | AD86: 1 | AE86: 3 | AF86: 1 | AG86: 0 | AH86: 0 | AI86: -
A87: 4 | B87: Mattias Ekholm | C87: EDM | D87: D | E87: 1 | F87: 19.966667 | G87: 3 | H87: 0 | I87: 0 | J87: 0 | K87: 3 | L87: 75 | M87: 4 | N87: 75 | O87: 1.08 | P87: 6 | Q87: 5 | R87: 5 | S87: 1 | T87: 0 | U87: 0 | V87: 0 | W87: 0 | X87: 0 | Y87: 0 | Z87: 0 | AA87: 0 | AB87: 1 | AC87: 0 | AD87: 1 | AE87: 1 | AF87: 2 | AG87: 0 | AH87: 0 | AI87: -
A88: 29 | B88: Mattias Janmark | C88: EDM | D88: C | E88: 1 | F88: 13.766667 | G88: 0 | H88: 0 | I88: 0 | J88: 0 | K88: 0 | L88: - | M88: 0 | N88: - | O88: 0 | P88: 0 | Q88: 0 | R88: 0 | S88: 0 | T88: 0 | U88: 0 | V88: 0 | W88: 0 | X88: 0 | Y88: 0 | Z88: 0 | AA88: 0 | AB88: 0 | AC88: 0 | AD88: 0 | AE88: 1 | AF88: 0 | AG88: 0 | AH88: 0 | AI88: -
A89: 137 | B89: Matvei Michkov | C89: PHI | D89: R | E89: 1 | F89: 16.166667 | G89: 0 | H89: 0 | I89: 0 | J89: 0 | K89: 0 | L89: - | M89: 4 | N89: 0 | O89: 0.13 | P89: 5 | Q89: 4 | R89: 0 | S89: 0 | T89: 0 | U89: 0 | V89: 0 | W89: 0 | X89: 0 | Y89: 0 | Z89: 0 | AA89: 1 | AB89: 1 | AC89: 1 | AD89: 0 | AE89: 0 | AF89: 0 | AG89: 0 | AH89: 0 | AI89: -
A90: 104 | B90: Max Crozier | C90: T.B | D90: D | E90: 1 | F90: 19.9 | G90: 0 | H90: 0 | I90: 0 | J90: 0 | K90: 0 | L90: - | M90: 1 | N90: 0 | O90: 0.04 | P90: 2 | Q90: 1 | R90: 1 | S90: 0 | T90: 0 | U90: 0 | V90: 0 | W90: 0 | X90: 0 | Y90: 0 | Z90: 0 | AA90: 0 | AB90: 0 | AC90: 0 | AD90: 1 | AE90: 2 | AF90: 1 | AG90: 0 | AH90: 0 | AI90: -
A91: 144 | B91: Max Shabanov | C91: NYI | D91: R | E91: 1 | F91: 14.85 | G91: 0 | H91: 0 | I91: 0 | J91: 0 | K91: 0 | L91: - | M91: 0 | N91: - | O91: 0 | P91: 1 | Q91: 0 | R91: 1 | S91: 0 | T91: 0 | U91: 0 | V91: 0 | W91: 0 | X91: 0 | Y91: 0 | Z91: 0 | AA91: 0 | AB91: 0 | AC91: 0 | AD91: 0 | AE91: 1 | AF91: 0 | AG91: 0 | AH91: 0 | AI91: -
A92: 111 | B92: Maxim Groshev | C92: T.B | D92: D | E92: 1 | F92: 9.95 | G92: 0 | H92: 0 | I92: 0 | J92: 0 | K92: 0 | L92: - | M92: 0 | N92: - | O92: 0 | P92: 0 | Q92: 0 | R92: 0 | S92: 0 | T92: 0 | U92: 0 | V92: 0 | W92: 0 | X92: 0 | Y92: 0 | Z92: 0 | AA92: 0 | AB92: 0 | AC92: 0 | AD92: 0 | AE92: 1 | AF92: 0 | AG92: 0 | AH92: 0 | AI92: -
A93: 141 | B93: Maxim Tsyplakov | C93: NYI | D93: R | E93: 1 | F93: 10.066667 | G93: 0 | H93: 1 | I93: 1 | J93: 0 | K93: 1 | L93: 100 | M93: 1 | N93: 0 | O93: 0.13 | P93: 1 | Q93: 1 | R93: 1 | S93: 1 | T93: 0 | U93: 0 | V93: 2 | W93: 1 | X93: 1 | Y93: 0 | Z93: 0 | AA93: 0 | AB93: 0 | AC93: 0 | AD93: 2 | AE93: 1 | AF93: 0 | AG93: 0 | AH93: 0 | AI93: -
A94: 74 | B94: Michael Carcone | C94: UTA | D94: L | E94: 1 | F94: 12.916667 | G94: 0 | H94: 0 | I94: 0 | J94: 0 | K94: 0 | L94: - | M94: 4 | N94: 0 | O94: 0.51 | P94: 6 | Q94: 6 | R94: 4 | S94: 4 | T94: 0 | U94: 1 | V94: 0 | W94: 0 | X94: 0 | Y94: 0 | Z94: 0 | AA94: 0 | AB94: 0 | AC94: 0 | AD94: 4 | AE94: 2 | AF94: 0 | AG94: 0 | AH94: 1 | AI94: 0
A95: 19 | B95: Mika Zibanejad | C95: NYR | D95: C | E95: 1 | F95: 21.45 | G95: 0 | H95: 1 | I95: 0 | J95: 1 | K95: 1 | L95: 50 | M95: 3 | N95: 0 | O95: 0.27 | P95: 5 | Q95: 5 | R95: 2 | S95: 0 | T95: 0 | U95: 0 | V95: 0 | W95: 0 | X95: 0 | Y95: 0 | Z95: 0 | AA95: 0 | AB95: 1 | AC95: 0 | AD95: 3 | AE95: 1 | AF95: 0 | AG95: 6 | AH95: 6 | AI95: 50
A96: 9 | B96: Mikael Granlund | C96: ANA | D96: C | E96: 1 | F96: 24.283333 | G96: 3 | H96: 0 | I96: 0 | J96: 0 | K96: 3 | L96: 100 | M96: 5 | N96: 60 | O96: 1.22 | P96: 10 | Q96: 10 | R96: 7 | S96: 4 | T96: 0 | U96: 0 | V96: 0 | W96: 0 | X96: 0 | Y96: 0 | Z96: 0 | AA96: 0 | AB96: 2 | AC96: 0 | AD96: 0 | AE96: 3 | AF96: 1 | AG96: 8 | AH96: 11 | AI96: 42.11
A97: 72 | B97: Mikhail Sergachev | C97: UTA | D97: D | E97: 1 | F97: 25.066667 | G97: 0 | H97: 0 | I97: 0 | J97: 0 | K97: 0 | L97: - | M97: 2 | N97: 0 | O97: 0.23 | P97: 7 | Q97: 3 | R97: 2 | S97: 0 | T97: 0 | U97: 2 | V97: 6 | W97: 3 | X97: 3 | Y97: 0 | Z97: 0 | AA97: 2 | AB97: 2 | AC97: 0 | AD97: 2 | AE97: 1 | AF97: 1 | AG97: 0 | AH97: 0 | AI97: -
A98: 78 | B98: Morgan Geekie | C98: BOS | D98: C | E98: 1 | F98: 19.216667 | G98: 1 | H98: 0 | I98: 0 | J98: 0 | K98: 1 | L98: 33.33 | M98: 4 | N98: 25 | O98: 0.53 | P98: 8 | Q98: 7 | R98: 3 | S98: 3 | T98: 0 | U98: 0 | V98: 0 | W98: 0 | X98: 0 | Y98: 0 | Z98: 0 | AA98: 0 | AB98: 3 | AC98: 0 | AD98: 2 | AE98: 3 | AF98: 1 | AG98: 0 | AH98: 0 | AI98: -
A99: 27 | B99: Nate Schmidt | C99: UTA | D99: D | E99: 1 | F99: 21.05 | G99: 0 | H99: 0 | I99: 0 | J99: 0 | K99: 0 | L99: - | M99: 0 | N99: - | O99: 0 | P99: 2 | Q99: 0 | R99: 0 | S99: 0 | T99: 0 | U99: 0 | V99: 0 | W99: 0 | X99: 0 | Y99: 0 | Z99: 0 | AA99: 0 | AB99: 1 | AC99: 1 | AD99: 1 | AE99: 1 | AF99: 2 | AG99: 0 | AH99: 0 | AI99: -
A100: 84 | B100: Nick DeSimone | C100: UTA | D100: D | E100: 1 | F100: 13.383333 | G100: 0 | H100: 0 | I100: 0 | J100: 0 | K100: 0 | L100: - | M100: 0 | N100: - | O100: 0 | P100: 3 | Q100: 0 | R100: 2 | S100: 0 | T100: 0 | U100: 2 | V100: 0 | W100: 0 | X100: 0 | Y100: 0 | Z100: 0 | AA100: 0 | AB100: 0 | AC100: 0 | AD100: 0 | AE100: 1 | AF100: 0 | AG100: 0 | AH100: 0 | AI100: -
...

Sheet fc
A1: Player | B1: Inj | C1: Likes | D1: Pos | E1: Salary | F1: Team | G1: Opp | H1: Time | I1: Fav. | J1: Win % | K1: Spread | L1: Total | M1: TeamGoal | N1: OppGoal | O1: Start/Line | P1: PP Unit | Q1: avg TOI | R1: Avg | S1: STDV | T1: Ceiling | U1: FC Proj | V1: My Proj | W1: Exp. | X1: Used | Y1: Con. | Z1: Value | AA1: Own% | AB1: TOI | AC1: Score | AD1: Val
A2: Connor McDavid | C2: 0 | D2: C | E2: 10500 | F2: EDM | G2: vs ANA | H2: 0.85416667 | I2: Y | J2: 0.609 | K2: -156 | L2: 7 | M2: 4.4 | N2: 3.5 | O2: 1 | P2: 1 | Q2: 0.95208333 | R2: 18.4 | S2: 12.63 | T2: 61.53 | U2: 36.27 | V2: 36.27 | W2: 100 | Y2: 66 | Z2: 3.5 | AA2: 0 | AB2: 0.98333333 | AC2: 18 | AD2: 1.7
A3: Leon Draisaitl | C3: 0 | D3: C | E3: 9300 | F3: EDM | G3: vs ANA | H3: 0.85416667 | I3: Y | J3: 0.609 | K3: -156 | L3: 7 | M3: 4.4 | N3: 3.5 | O3: 2 | P3: 1 | Q3: 0.91388889 | R3: 14.2 | S3: 9.13 | T3: 43.61 | U3: 25.35 | V3: 25.35 | W3: 100 | Y3: 68 | Z3: 2.7 | AA3: 0 | AB3: 0.83958333 | AC3: 24.5 | AD3: 2.6
A4: Evan Bouchard | C4: 0 | D4: D | E4: 7400 | F4: EDM | G4: vs ANA | H4: 0.85416667 | I4: Y | J4: 0.609 | K4: -156 | L4: 7 | M4: 4.4 | N4: 3.5 | O4: 1 | P4: 1 | Q4: 1.0236111 | R4: 13.1 | S4: 10 | T4: 44.11 | U4: 24.11 | V4: 24.11 | W4: 100 | Y4: 62 | Z4: 3.3 | AA4: 0 | AB4: 0.94930556 | AC4: 9.1 | AD4: 1.2
A5: Nikita Kucherov | C5: 0 | D5: W | E5: 9500 | F5: TB | G5: vs UTA | H5: 0.79166667 | I5: Y | J5: 0.494 | K5: -97.5 | L5: 6 | M5: 3.37 | N5: 3 | O5: 1 | P5: 2 | Q5: 0.84236111 | R5: 16.2 | S5: 9.36 | T5: 41.37 | U5: 22.65 | V5: 22.65 | W5: 100 | Y5: 71 | Z5: 2.4 | AA5: 0 | AB5: 0.76388889 | AC5: 27.4 | AD5: 2.9
A6: Zach Hyman | C6: 0 | D6: W | E6: 7600 | F6: EDM | G6: vs ANA | H6: 0.85416667 | I6: Y | J6: 0.609 | K6: -156 | L6: 7 | M6: 4.4 | N6: 3.5 | O6: 1 | P6: 1 | Q6: 0.84166667 | R6: 12.9 | S6: 9.81 | T6: 42.26 | U6: 22.64 | V6: 22.64 | W6: 100 | Y6: 62 | Z6: 3 | AA6: 0 | AB6: 0.80694444 | AC6: 20.6 | AD6: 2.7
A7: David Pastrnak | C7: 0 | D7: W | E7: 9000 | F7: BOS | G7: @ NYR | H7: 0.79166667 | I7: Y | J7: 0.455 | K7: -83.5 | L7: 6.5 | M7: 3.25 | N7: 3.2 | O7: 1 | P7: 1 | Q7: 0.82847222 | R7: 15.1 | S7: 10.68 | T7: 41.09 | U7: 19.73 | V7: 19.73 | W7: 100 | Y7: 65 | Z7: 2.2 | AA7: 0 | AB7: 0.9375 | AC7: 22.3 | AD7: 2.5
A8: Zach Werenski | C8: 0 | D8: D | E8: 8400 | F8: CBJ | G8: vs LA | H8: 0.79166667 | I8: Y | J8: 0.42 | K8: -72.5 | L8: 6 | M8: 3.06 | N8: 3 | O8: 1 | P8: 1 | Q8: 1.1104167 | R8: 16.1 | S8: 8.71 | T8: 37.56 | U8: 20.14 | V8: 20.14 | W8: 100 | Y8: 73 | Z8: 2.4 | AA8: 0
A9: Brandon Hagel | C9: 0 | D9: W | E9: 7500 | F9: TB | G9: vs UTA | H9: 0.79166667 | I9: Y | J9: 0.494 | K9: -97.5 | L9: 6 | M9: 3.37 | N9: 3 | O9: 1 | P9: 1 | Q9: 0.79166667 | R9: 13.3 | S9: 10.73 | T9: 39.63 | U9: 18.17 | V9: 18.17 | W9: 100 | Y9: 60 | Z9: 2.4 | AA9: 0 | AB9: 0.90694444 | AC9: 7.3 | AD9: 1
A10: Artemi Panarin | C10: 0 | D10: W | E10: 8000 | F10: NYR | G10: vs BOS | H10: 0.79166667 | I10: N | J10: 0.545 | K10: 83.5 | L10: 6.5 | M10: 3.2 | N10: 3.25 | O10: 1 | P10: 1 | Q10: 0.86666667 | R10: 12.7 | S10: 9.65 | T10: 36.12 | U10: 16.82 | V10: 16.82 | W10: 100 | Y10: 62 | Z10: 2.1 | AA10: 0 | AB10: 1.0104167 | AC10: 8 | AD10: 1
A11: Darren Raddysh | C11: 0 | D11: D | E11: 6300 | F11: TB | G11: vs UTA | H11: 0.79166667 | I11: Y | J11: 0.494 | K11: -97.5 | L11: 6 | M11: 3.37 | N11: 3 | O11: 1 | P11: 1 | Q11: 0.92569444 | R11: 12 | S11: 9.25 | T11: 36.25 | U11: 17.75 | V11: 17.75 | W11: 100 | Y11: 61 | Z11: 2.8 | AA11: 0 | AB11: 1.0534722 | AC11: 14.3 | AD11: 2.3
A12: Jake Walman | C12: 0 | D12: D | E12: 4700 | F12: EDM | G12: vs ANA | H12: 0.85416667 | I12: Y | J12: 0.609 | K12: -156 | L12: 7 | M12: 4.4 | N12: 3.5 | O12: 2 | P12: 2 | Q12: 0.81736111 | R12: 9.3 | S12: 7.43 | T12: 31.65 | U12: 16.79 | V12: 16.79 | W12: 100 | Y12: 60 | Z12: 3.6 | AA12: 0 | AB12: 0.93958333 | AC12: 3 | AD12: 0.6
A13: Mika Zibanejad | C13: 0 | D13: C | E13: 7100 | F13: NYR | G13: vs BOS | H13: 0.79166667 | I13: N | J13: 0.545 | K13: 83.5 | L13: 6.5 | M13: 3.2 | N13: 3.25 | O13: 2 | P13: 1 | Q13: 0.86458333 | R13: 12 | S13: 9.47 | T13: 34.71 | U13: 15.77 | V13: 15.77 | W13: 100 | Y13: 61 | Z13: 2.2 | AA13: 0 | AB13: 0.89375 | AC13: 9.5 | AD13: 1.3
A14: Bo Horvat | C14: 0 | D14: C | E14: 7800 | F14: NYI | G14: @ PHI | H14: 0.79166667 | I14: N | J14: 0.567 | K14: 76.5 | L14: 6 | M14: 3 | N14: 3.09 | O14: 1 | P14: 1 | Q14: 0.84791667 | R14: 12.5 | S14: 7.48 | T14: 28.92 | U14: 13.96 | V14: 13.96 | W14: 100 | Y14: 70 | Z14: 1.8 | AA14: 0 | AB14: 0.80347222 | AC14: 1.5 | AD14: 0.2
A15: Dylan Guenther | C15: 0 | D15: W | E15: 7700 | F15: UTA | G15: @ TB | H15: 0.79166667 | I15: N | J15: 0.506 | K15: 97.5 | L15: 6 | M15: 3 | N15: 3.37 | O15: 3 | P15: 1 | Q15: 0.72083333 | R15: 12.2 | S15: 9.1 | T15: 32.68 | U15: 14.48 | V15: 14.48 | W15: 100 | Y15: 63 | Z15: 1.9 | AA15: 0 | AB15: 0.76944444 | AC15: 11.8 | AD15: 1.5
A16: Jake Guentzel | C16: 0 | D16: W | E16: 7000 | F16: TB | G16: vs UTA | H16: 0.79166667 | I16: Y | J16: 0.494 | K16: -97.5 | L16: 6 | M16: 3.37 | N16: 3 | O16: 2 | P16: 1 | Q16: 0.85277778 | R16: 13.1 | S16: 8.84 | T16: 32.99 | U16: 15.31 | V16: 15.31 | W16: 100 | Y16: 66 | Z16: 2.2 | AA16: 0 | AB16: 0.77291667 | AC16: 6.5 | AD16: 0.9
A17: Ilya Sorokin | C17: 0 | D17: G | E17: 7400 | F17: NYI | G17: @ PHI | H17: 0.79166667 | I17: N | J17: 0.567 | K17: 76.5 | L17: 6 | M17: 3 | N17: 3.09 | O17: confirm | Q17: 2.4895833 | R17: 13.9 | S17: 12.37 | T17: 38.46 | U17: 13.72 | V17: 13.72 | W17: 100 | Y17: 56 | Z17: 1.9 | AA17: 0 | AB17: 2.4833333 | AC17: 24.7 | AD17: 3.3
A18: Cutter Gauthier | C18: 0 | D18: W | E18: 6700 | F18: ANA | G18: @ EDM | H18: 0.85416667 | I18: N | J18: 0.391 | K18: 156 | L18: 7 | M18: 3.5 | N18: 4.4 | O18: 2 | P18: 1 | Q18: 0.72291667 | R18: 13.3 | S18: 9.75 | T18: 33.98 | U18: 14.48 | V18: 14.48 | W18: 100 | Y18: 63 | Z18: 2.2 | AA18: 0 | AB18: 0.74652778 | AC18: 15.5 | AD18: 2.3
A19: Clayton Keller | C19: 0 | D19: W | E19: 6900 | F19: UTA | G19: @ TB | H19: 0.79166667 | I19: N | J19: 0.506 | K19: 97.5 | L19: 6 | M19: 3 | N19: 3.37 | O19: 1 | P19: 1 | Q19: 0.79861111 | R19: 11.3 | S19: 8.83 | T19: 31.06 | U19: 13.4 | V19: 13.4 | W19: 100 | Y19: 61 | Z19: 1.9 | AA19: 0 | AB19: 0.83055556 | AC19: 1.5 | AD19: 0.2
A20: Ryan Nugent-Hopkins | C20: 0 | D20: W | E20: 6000 | F20: EDM | G20: vs ANA | H20: 0.85416667 | I20: Y | J20: 0.609 | K20: -156 | L20: 7 | M20: 4.4 | N20: 3.5 | O20: 1 | P20: 1 | Q20: 0.79166667 | R20: 8.9 | S20: 6.9 | T20: 28.14 | U20: 14.34 | V20: 14.34 | W20: 100 | Y20: 61 | Z20: 2.4 | AA20: 0 | AB20: 0.80208333 | AC20: 6.5 | AD20: 1.1
A21: Andrei Vasilevskiy | C21: 0 | D21: G | E21: 8200 | F21: TB | G21: vs UTA | H21: 0.79166667 | I21: Y | J21: 0.494 | K21: -97.5 | L21: 6 | M21: 3.37 | N21: 3 | O21: confirm | Q21: 2.4631944 | R21: 12.6 | S21: 8.36 | T21: 29.7 | U21: 12.98 | V21: 12.98 | W21: 100 | Y21: 67 | Z21: 1.6 | AA21: 0 | AB21: 2.5 | AC21: 29.6 | AD21: 3.6
A22: Beckett Sennecke | C22: 0 | D22: W | E22: 5000 | F22: ANA | G22: @ EDM | H22: 0.85416667 | I22: N | J22: 0.391 | K22: 156 | L22: 7 | M22: 3.5 | N22: 4.4 | O22: 1 | P22: 1 | Q22: 0.70902778 | R22: 9.3 | S22: 8.13 | T22: 29.81 | U22: 13.55 | V22: 13.55 | W22: 100 | Y22: 56 | Z22: 2.7 | AA22: 0 | AB22: 1.0631944 | AC22: 23.5 | AD22: 4.7
A23: Jackson LaCombe | C23: 0 | D23: D | E23: 4900 | F23: ANA | G23: @ EDM | H23: 0.85416667 | I23: N | J23: 0.391 | K23: 156 | L23: 7 | M23: 3.5 | N23: 4.4 | O23: 1 | P23: 1 | Q23: 1.0215278 | R23: 10.4 | S23: 6.33 | T23: 26.48 | U23: 13.82 | V23: 13.82 | W23: 100 | Y23: 70 | Z23: 2.8 | AA23: 0 | AB23: 1.0944444 | AC23: 11.9 | AD23: 2.4
A24: Darnell Nurse | C24: 0 | D24: D | E24: 4400 | F24: EDM | G24: vs ANA | H24: 0.85416667 | I24: Y | J24: 0.609 | K24: -156 | L24: 7 | M24: 4.4 | N24: 3.5 | O24: 2 | Q24: 0.86597222 | R24: 9.5 | S24: 5.28 | T24: 23.96 | U24: 13.4 | V24: 13.4 | W24: 100 | Y24: 72 | Z24: 3 | AA24: 0 | AB24: 0.93263889 | AC24: 14.1 | AD24: 3.2
A25: Jack Roslovic | C25: 0 | D25: C | E25: 3900 | F25: EDM | G25: vs ANA | H25: 0.85416667 | I25: Y | J25: 0.609 | K25: -156 | L25: 7 | M25: 4.4 | N25: 3.5 | O25: 3 | P25: 2 | Q25: 0.67638889 | R25: 7.6 | S25: 6.64 | T25: 26.53 | U25: 13.25 | V25: 13.25 | W25: 100 | Y25: 56 | Z25: 3.4 | AA25: 0 | AB25: 0.46736111 | AC25: 4.5 | AD25: 1.2
A26: Tristan Jarry | C26: 0 | D26: G | E26: 8400 | F26: EDM | G26: vs ANA | H26: 0.85416667 | I26: Y | J26: 0.609 | K26: -156 | L26: 7 | M26: 4.4 | N26: 3.5 | O26: confirm | Q26: 2.2888889 | R26: 11.5 | S26: 10.9 | T26: 33.65 | U26: 11.85 | V26: 11.85 | W26: 100 | Y26: 53 | Z26: 1.4 | AA26: 0 | AB26: 2.5 | AC26: 20.2 | AD26: 2.4
A27: Darcy Kuemper | C27: 0 | D27: G | E27: 7900 | F27: LA | G27: @ CBJ | H27: 0.79166667 | I27: N | J27: 0.58 | K27: 72.5 | L27: 6 | M27: 3 | N27: 3.06 | O27: prob | Q27: 2.4055556 | R27: 10.5 | S27: 8.71 | T27: 28.63 | U27: 11.21 | V27: 11.21 | W27: 100 | Y27: 59 | Z27: 1.4 | AA27: 0
A28: Ville Husso | C28: 0 | D28: G | E28: 7000 | F28: ANA | G28: @ EDM | H28: 0.85416667 | I28: N | J28: 0.391 | K28: 156 | L28: 7 | M28: 3.5 | N28: 4.4 | O28: confirm | Q28: 2.2895833 | R28: 9.6 | S28: 9.1 | T28: 30.35 | U28: 12.15 | V28: 12.15 | W28: 100 | Y28: 53 | Z28: 1.7 | AA28: 0 | AB28: 2.4006944 | AC28: 0
A29: Kirill Marchenko | C29: 0 | D29: W | E29: 6600 | F29: CBJ | G29: vs LA | H29: 0.79166667 | I29: Y | J29: 0.42 | K29: -72.5 | L29: 6 | M29: 3.06 | N29: 3 | O29: 1 | P29: 1 | Q29: 0.78333333 | R29: 11.9 | S29: 7.99 | T29: 28.24 | U29: 12.26 | V29: 12.26 | W29: 100 | Y29: 66 | Z29: 1.9 | AA29: 0
A30: Charlie McAvoy | C30: 0 | D30: D | E30: 5000 | F30: BOS | G30: @ NYR | H30: 0.79166667 | I30: Y | J30: 0.455 | K30: -83.5 | L30: 6.5 | M30: 3.25 | N30: 3.2 | O30: 1 | P30: 1 | Q30: 0.99930556 | R30: 10.2 | S30: 5.54 | T30: 24.18 | U30: 13.1 | V30: 13.1 | W30: 100 | Y30: 73 | Z30: 2.6 | AA30: 0 | AB30: 1.0048611 | AC30: 8 | AD30: 1.6
A31: Joonas Korpisalo | C31: 0 | D31: G | E31: 7800 | F31: BOS | G31: @ NYR | H31: 0.79166667 | I31: Y | J31: 0.455 | K31: -83.5 | L31: 6.5 | M31: 3.25 | N31: 3.2 | O31: confirm | Q31: 2.24375 | R31: 11.6 | S31: 10.63 | T31: 32.35 | U31: 11.09 | V31: 11.09 | W31: 100 | Y31: 54 | Z31: 1.4 | AA31: 0 | AB31: 2.6451389 | AC31: 4.8 | AD31: 0.6
A32: Nick Schmaltz | C32: 0 | D32: C | E32: 6100 | F32: UTA | G32: @ TB | H32: 0.79166667 | I32: N | J32: 0.506 | K32: 97.5 | L32: 6 | M32: 3 | N32: 3.37 | O32: 1 | P32: 1 | Q32: 0.81875 | R32: 10.7 | S32: 9.9 | T32: 31.08 | U32: 11.28 | V32: 11.28 | W32: 100 | Y32: 54 | Z32: 1.8 | AA32: 0 | AB32: 0.92638889 | AC32: 0
A33: Vincent Trocheck | C33: 0 | D33: C | E33: 5800 | F33: NYR | G33: vs BOS | H33: 0.79166667 | I33: N | J33: 0.545 | K33: 83.5 | L33: 6.5 | M33: 3.2 | N33: 3.25 | O33: 1 | P33: 1 | Q33: 0.87152778 | R33: 9 | S33: 6.24 | T33: 23.85 | U33: 11.37 | V33: 11.37 | W33: 100 | Y33: 65 | Z33: 2 | AA33: 0 | AB33: 1.0458333 | AC33: 10.5 | AD33: 1.8
A34: Mikhail Sergachev | C34: 0 | D34: D | E34: 5700 | F34: UTA | G34: @ TB | H34: 0.79166667 | I34: N | J34: 0.506 | K34: 97.5 | L34: 6 | M34: 3 | N34: 3.37 | O34: 1 | P34: 1 | Q34: 1.0111111 | R34: 10.8 | S34: 6.67 | T34: 25.22 | U34: 11.88 | V34: 11.88 | W34: 100 | Y34: 69 | Z34: 2.1 | AA34: 0 | AB34: 1.0444444 | AC34: 4.3 | AD34: 0.8
A35: Travis Konecny | C35: 0 | D35: W | E35: 5600 | F35: PHI | G35: vs NYI | H35: 0.79166667 | I35: Y | J35: 0.433 | K35: -76.5 | L35: 6 | M35: 3.09 | N35: 3 | O35: 1 | P35: 1 | Q35: 0.78541667 | R35: 10.6 | S35: 7.13 | T35: 26.52 | U35: 12.26 | V35: 12.26 | W35: 100 | Y35: 66 | Z35: 2.2 | AA35: 0 | AB35: 0.62569444 | AC35: 1.5 | AD35: 0.3
A36: Morgan Geekie | C36: 0 | D36: W | E36: 5200 | F36: BOS | G36: @ NYR | H36: 0.79166667 | I36: Y | J36: 0.455 | K36: -83.5 | L36: 6.5 | M36: 3.25 | N36: 3.2 | O36: 1 | P36: 1 | Q36: 0.71736111 | R36: 10.4 | S36: 7.63 | T36: 27.62 | U36: 12.36 | V36: 12.36 | W36: 100 | Y36: 63 | Z36: 2.4 | AA36: 0 | AB36: 0.80069444 | AC36: 15.8 | AD36: 3
A37: Brandt Clarke | C37: 0 | D37: D | E37: 4800 | F37: LA | G37: @ CBJ | H37: 0.79166667 | I37: N | J37: 0.58 | K37: 72.5 | L37: 6 | M37: 3 | N37: 3.06 | O37: 2 | P37: 1 | Q37: 0.78958333 | R37: 9.5 | S37: 6.06 | T37: 23.91 | U37: 11.79 | V37: 11.79 | W37: 100 | Y37: 68 | Z37: 2.5 | AA37: 0
A38: Mikael Granlund | C38: 0 | D38: C | E38: 4500 | F38: ANA | G38: @ EDM | H38: 0.85416667 | I38: N | J38: 0.391 | K38: 156 | L38: 7 | M38: 3.5 | N38: 4.4 | O38: 1 | P38: 1 | Q38: 0.77569444 | R38: 8.8 | S38: 8.56 | T38: 29.14 | U38: 12.02 | V38: 12.02 | W38: 100 | Y38: 51 | Z38: 2.7 | AA38: 0 | AB38: 1.0118056 | AC38: 43.3 | AD38: 9.6
A39: Viktor Arvidsson | C39: 0 | D39: W | E39: 4400 | F39: BOS | G39: @ NYR | H39: 0.79166667 | I39: Y | J39: 0.455 | K39: -83.5 | L39: 6.5 | M39: 3.25 | N39: 3.2 | O39: 2 | P39: 2 | Q39: 0.60069444 | R39: 9.3 | S39: 6.3 | T39: 25.27 | U39: 12.67 | V39: 12.67 | W39: 100 | Y39: 66 | Z39: 2.9 | AA39: 0 | AB39: 0.53125 | AC39: 0
A40: J.T. Miller | C40: 0 | D40: W | E40: 5700 | F40: NYR | G40: vs BOS | H40: 0.79166667 | I40: N | J40: 0.545 | K40: 83.5 | L40: 6.5 | M40: 3.2 | N40: 3.25 | O40: 2 | P40: 1 | Q40: 0.85763889 | R40: 9.1 | S40: 7.26 | T40: 25.5 | U40: 10.98 | V40: 10.98 | W40: 100 | Y40: 60 | Z40: 1.9 | AA40: 0 | AB40: 0.88333333 | AC40: 11.3 | AD40: 2
A41: Owen Tippett | C41: 0 | D41: W | E41: 5100 | F41: PHI | G41: vs NYI | H41: 0.79166667 | I41: Y | J41: 0.433 | K41: -76.5 | L41: 6 | M41: 3.09 | N41: 3 | O41: 2 | P41: 2 | Q41: 0.68194444 | R41: 9.4 | S41: 9.56 | T41: 30.77 | U41: 11.65 | V41: 11.65 | W41: 100 | Y41: 49 | Z41: 2.3 | AA41: 0 | AB41: 0.73333333 | AC41: 6 | AD41: 1.2
A42: Mattias Ekholm | C42: 0 | D42: D | E42: 3800 | F42: EDM | G42: vs ANA | H42: 0.85416667 | I42: Y | J42: 0.609 | K42: -156 | L42: 7 | M42: 4.4 | N42: 3.5 | O42: 1 | P42: 2 | Q42: 0.86527778 | R42: 7.7 | S42: 4.64 | T42: 21.07 | U42: 11.79 | V42: 11.79 | W42: 100 | Y42: 70 | Z42: 3.1 | AA42: 0 | AB42: 0.83194444 | AC42: 40.1 | AD42: 10.6
A43: Karel Vejmelka | C43: 0 | D43: G | E43: 7200 | F43: UTA | G43: @ TB | H43: 0.79166667 | I43: N | J43: 0.506 | K43: 97.5 | L43: 6 | M43: 3 | N43: 3.37 | Q43: 2.4451389 | R43: 10.8 | S43: 9.07 | T43: 28.69 | U43: 10.55 | V43: 10.55 | W43: 100 | Y43: 58 | Z43: 1.5 | AA43: 0 | AB43: 2.5 | AC43: 11.9 | AD43: 1.7
A44: Anson Thornton | C44: 0 | D44: G | E44: 7000 | F44: UTA | G44: @ TB | H44: 0.79166667 | I44: N | J44: 0.506 | K44: 97.5 | L44: 6 | M44: 3 | N44: 3.37 | T44: 10.66 | U44: 10.66 | V44: 10.66 | W44: 100 | Y44: 0 | Z44: 1.5 | AA44: 0
A45: Jacob Trouba | C45: 0 | D45: D | E45: 5100 | F45: ANA | G45: @ EDM | H45: 0.85416667 | I45: N | J45: 0.391 | K45: 156 | L45: 7 | M45: 3.5 | N45: 4.4 | O45: 1 | P45: 2 | Q45: 0.93333333 | R45: 8.8 | S45: 6.67 | T45: 24.78 | U45: 11.44 | V45: 11.44 | W45: 100 | Y45: 62 | Z45: 2.2 | AA45: 0 | AB45: 0.95069444 | AC45: 26.9 | AD45: 5.3
A46: Mathew Barzal | C46: 0 | D46: C | E46: 6800 | F46: NYI | G46: @ PHI | H46: 0.79166667 | I46: N | J46: 0.567 | K46: 76.5 | L46: 6 | M46: 3 | N46: 3.09 | O46: 2 | P46: 2 | Q46: 0.86388889 | R46: 9.2 | S46: 6.07 | T46: 22.08 | U46: 9.94 | V46: 9.94 | W46: 100 | Y46: 67 | Z46: 1.5 | AA46: 0 | AB46: 0.72847222 | AC46: 16.3 | AD46: 2.4
A47: Adrian Kempe | C47: 0 | D47: W | E47: 6300 | F47: LA | G47: @ CBJ | H47: 0.79166667 | I47: N | J47: 0.58 | K47: 72.5 | L47: 6 | M47: 3 | N47: 3.06 | O47: 1 | P47: 1 | Q47: 0.80208333 | R47: 10.4 | S47: 6.39 | T47: 23.59 | U47: 10.81 | V47: 10.81 | W47: 100 | Y47: 69 | Z47: 1.7 | AA47: 0
A48: Matthew Schaefer | C48: 0 | D48: D | E48: 6200 | F48: NYI | G48: @ PHI | H48: 0.79166667 | I48: N | J48: 0.567 | K48: 76.5 | L48: 6 | M48: 3 | N48: 3.09 | O48: 1 | P48: 1 | Q48: 0.99583333 | R48: 9.7 | S48: 6.35 | T48: 23.12 | U48: 10.42 | V48: 10.42 | W48: 100 | Y48: 67 | Z48: 1.7 | AA48: 0 | AB48: 0.92986111 | AC48: 2.8 | AD48: 0.5
A49: Adam Fantilli | C49: 0 | D49: C | E49: 5900 | F49: CBJ | G49: vs LA | H49: 0.79166667 | I49: Y | J49: 0.42 | K49: -72.5 | L49: 6 | M49: 3.06 | N49: 3 | O49: 1 | P49: 1 | Q49: 0.78194444 | R49: 9.6 | S49: 7.06 | T49: 24.81 | U49: 10.69 | V49: 10.69 | W49: 100 | Y49: 63 | Z49: 1.8 | AA49: 0
A50: Kevin Fiala | C50: 0 | D50: W | E50: 5800 | F50: LA | G50: @ CBJ | H50: 0.79166667 | I50: N | J50: 0.58 | K50: 72.5 | L50: 6 | M50: 3 | N50: 3.06 | O50: 3 | P50: 1 | Q50: 0.80069444 | R50: 10.1 | S50: 6.37 | T50: 22.87 | U50: 10.13 | V50: 10.13 | W50: 100 | Y50: 68 | Z50: 1.7 | AA50: 0
A51: Trevor Zegras | C51: 0 | D51: W | E51: 5400 | F51: PHI | G51: vs NYI | H51: 0.79166667 | I51: Y | J51: 0.433 | K51: -76.5 | L51: 6 | M51: 3.09 | N51: 3 | O51: 1 | P51: 1 | Q51: 0.77986111 | R51: 9.8 | S51: 8.4 | T51: 27.64 | U51: 10.84 | V51: 10.84 | W51: 100 | Y51: 57 | Z51: 2 | AA51: 0 | AB51: 0.64166667 | AC51: 1.5 | AD51: 0.3
A52: Anthony Cirelli | C52: 0 | D52: C | E52: 5300 | F52: TB | G52: vs UTA | H52: 0.79166667 | I52: Y | J52: 0.494 | K52: -97.5 | L52: 6 | M52: 3.37 | N52: 3 | O52: 1 | P52: 2 | Q52: 0.73263889 | R52: 8.5 | S52: 6.67 | T52: 23.75 | U52: 10.41 | V52: 10.41 | W52: 100 | Y52: 61 | Z52: 2 | AA52: 0 | AB52: 0.72013889 | AC52: 10 | AD52: 1.9
A53: Anders Lee | C53: 0 | D53: W | E53: 5300 | F53: NYI | G53: @ PHI | H53: 0.79166667 | I53: N | J53: 0.567 | K53: 76.5 | L53: 6 | M53: 3 | N53: 3.09 | O53: 3 | P53: 2 | Q53: 0.64930556 | R53: 8.5 | S53: 7.75 | T53: 25.35 | U53: 9.85 | V53: 9.85 | W53: 100 | Y53: 54 | Z53: 1.9 | AA53: 0 | AB53: 0.57916667 | AC53: 9.5 | AD53: 1.8
A54: Elias Lindholm | C54: 0 | D54: C | E54: 4700 | F54: BOS | G54: @ NYR | H54: 0.79166667 | I54: Y | J54: 0.455 | K54: -83.5 | L54: 6.5 | M54: 3.25 | N54: 3.2 | O54: 1 | P54: 1 | Q54: 0.72916667 | R54: 8.9 | S54: 6.35 | T54: 23.02 | U54: 10.32 | V54: 10.32 | W54: 100 | Y54: 64 | Z54: 2.2 | AA54: 0 | AB54: 0.86319444 | AC54: 25.6 | AD54: 5.4
A55: Christian Dvorak | C55: 0 | D55: C | E55: 4600 | F55: PHI | G55: vs NYI | H55: 0.79166667 | I55: Y | J55: 0.433 | K55: -76.5 | L55: 6 | M55: 3.09 | N55: 3 | O55: 1 | P55: 1 | Q55: 0.73611111 | R55: 8.4 | S55: 7.18 | T55: 24.31 | U55: 9.95 | V55: 9.95 | W55: 100 | Y55: 57 | Z55: 2.2 | AA55: 0 | AB55: 0.79166667 | AC55: 2.8 | AD55: 0.6
A56: Sean Durzi | C56: 0 | D56: D | E56: 4500 | F56: UTA | G56: @ TB | H56: 0.79166667 | I56: N | J56: 0.506 | K56: 97.5 | L56: 6 | M56: 3 | N56: 3.37 | O56: 1 | P56: 2 | Q56: 0.84791667 | R56: 8.9 | S56: 5.25 | T56: 20.54 | U56: 10.04 | V56: 10.04 | W56: 100 | Y56: 71 | Z56: 2.2 | AA56: 0 | AB56: 0.86041667 | AC56: 3 | AD56: 0.7
A57: Boone Jenner | C57: 0 | D57: W | E57: 4200 | F57: CBJ | G57: vs LA | H57: 0.79166667 | I57: Y | J57: 0.42 | K57: -72.5 | L57: 6 | M57: 3.06 | N57: 3 | O57: 2 | P57: 2 | Q57: 0.70347222 | R57: 8.9 | S57: 6.04 | T57: 22.29 | U57: 10.21 | V57: 10.21 | W57: 100 | Y57: 66 | Z57: 2.4 | AA57: 0
A58: Ivan Provorov | C58: 0 | D58: D | E58: 4000 | F58: CBJ | G58: vs LA | H58: 0.79166667 | I58: Y | J58: 0.42 | K58: -72.5 | L58: 6 | M58: 3.06 | N58: 3 | O58: 2 | P58: 2 | Q58: 1.0680556 | R58: 8.1 | S58: 5.16 | T58: 20.15 | U58: 9.83 | V58: 9.83 | W58: 100 | Y58: 68 | Z58: 2.5 | AA58: 0
A59: Vasily Podkolzin | C59: 0 | D59: W | E59: 3700 | F59: EDM | G59: vs ANA | H59: 0.85416667 | I59: Y | J59: 0.609 | K59: -156 | L59: 7 | M59: 4.4 | N59: 3.5 | O59: 2 | Q59: 0.63611111 | R59: 5.9 | S59: 5.05 | T59: 20.82 | U59: 10.72 | V59: 10.72 | W59: 100 | Y59: 57 | Z59: 2.9 | AA59: 0 | AB59: 0.67291667 | AC59: 1.5 | AD59: 0.4
A60: Hampus Lindholm | C60: 0 | D60: D | E60: 3000 | F60: BOS | G60: @ NYR | H60: 0.79166667 | I60: Y | J60: 0.455 | K60: -83.5 | L60: 6.5 | M60: 3.25 | N60: 3.2 | O60: 2 | Q60: 0.91736111 | R60: 8 | S60: 6.06 | T60: 22.76 | U60: 10.64 | V60: 10.64 | W60: 100 | Y60: 62 | Z60: 3.5 | AA60: 0 | AB60: 1.0340278 | AC60: 9.9 | AD60: 3.3
A61: Kasperi Kapanen | C61: 0 | D61: W | E61: 2500 | F61: EDM | G61: vs ANA | H61: 0.85416667 | I61: Y | J61: 0.609 | K61: -156 | L61: 7 | M61: 4.4 | N61: 3.5 | O61: 2 | P61: 2 | Q61: 0.56875 | R61: 6.7 | S61: 5.79 | T61: 22.86 | U61: 11.28 | V61: 11.28 | W61: 100 | Y61: 57 | Z61: 4.5 | AA61: 0 | AB61: 0.64861111 | AC61: 4.5 | AD61: 1.8
A62: Jonathan Quick | C62: 0 | D62: G | E62: 7600 | F62: NYR | G62: vs BOS | H62: 0.79166667 | I62: N | J62: 0.545 | K62: 83.5 | L62: 6.5 | M62: 3.2 | N62: 3.25 | O62: confirm | Q62: 2.30625 | R62: 6.9 | S62: 11.33 | T62: 31.47 | U62: 8.81 | V62: 8.81 | W62: 100 | Y62: 18 | Z62: 1.2 | AA62: 0 | AB62: 2.6590278 | AC62: 10.2 | AD62: 1.3
A63: Elvis Merzlikins | C63: 0 | D63: G | E63: 7500 | F63: CBJ | G63: vs LA | H63: 0.79166667 | I63: Y | J63: 0.42 | K63: -72.5 | L63: 6 | M63: 3.06 | N63: 3 | O63: prob | Q63: 2.3333333 | R63: 9.1 | S63: 9.73 | T63: 28.6 | U63: 9.14 | V63: 9.14 | W63: 100 | Y63: 47 | Z63: 1.2 | AA63: 0
A64: Vitek Vanecek | C64: 0 | D64: G | E64: 7200 | F64: UTA | G64: @ TB | H64: 0.79166667 | I64: N | J64: 0.506 | K64: 97.5 | L64: 6 | M64: 3 | N64: 3.37 | Q64: 2.4381944 | R64: 7.6 | S64: 8.42 | T64: 25.59 | U64: 8.75 | V64: 8.75 | W64: 100 | Y64: 45 | Z64: 1.2 | AA64: 0 | AB64: 0 | AC64: 0
A65: Alex Laferriere | C65: 0 | D65: C | E65: 5000 | F65: LA | G65: @ CBJ | H65: 0.79166667 | I65: N | J65: 0.58 | K65: 72.5 | L65: 6 | M65: 3 | N65: 3.06 | O65: 1 | P65: 2 | Q65: 0.71875 | R65: 8.3 | S65: 7.37 | T65: 24.13 | U65: 9.39 | V65: 9.39 | W65: 100 | Y65: 56 | Z65: 1.9 | AA65: 0
A66: JJ Peterka | C66: 0 | D66: W | E66: 4300 | F66: UTA | G66: @ TB | H66: 0.79166667 | I66: N | J66: 0.506 | K66: 97.5 | L66: 6 | M66: 3 | N66: 3.37 | O66: 2 | P66: 2 | Q66: 0.68888889 | R66: 8.3 | S66: 7.35 | T66: 24.04 | U66: 9.34 | V66: 9.34 | W66: 100 | Y66: 56 | Z66: 2.2 | AA66: 0 | AB66: 0.60208333 | AC66: 4.3 | AD66: 1
A67: Pavel Mintyukov | C67: 0 | D67: D | E67: 3100 | F67: ANA | G67: @ EDM | H67: 0.85416667 | I67: N | J67: 0.391 | K67: 156 | L67: 7 | M67: 3.5 | N67: 4.4 | O67: 2 | P67: 2 | Q67: 0.74444444 | R67: 6.1 | S67: 5.73 | T67: 21.45 | U67: 9.99 | V67: 9.99 | W67: 100 | Y67: 53 | Z67: 3.2 | AA67: 0 | AB67: 0.78125 | AC67: 4.1 | AD67: 1.3
A68: Mason Marchment | C68: 0 | D68: W | E68: 4600 | F68: CBJ | G68: vs LA | H68: 0.79166667 | I68: Y | J68: 0.42 | K68: -72.5 | L68: 6 | M68: 3.06 | N68: 3 | O68: 1 | P68: 2 | Q68: 0.71458333 | R68: 7.3 | S68: 8.25 | T68: 25.48 | U68: 8.98 | V68: 8.98 | W68: 100 | Y68: 43 | Z68: 2 | AA68: 0
A69: Vladislav Gavrikov | C69: 0 | D69: D | E69: 4300 | F69: NYR | G69: vs BOS | H69: 0.79166667 | I69: N | J69: 0.545 | K69: 83.5 | L69: 6.5 | M69: 3.2 | N69: 3.25 | O69: 1 | P69: 1 | Q69: 0.99375 | R69: 7.3 | S69: 5.3 | T69: 19.88 | U69: 9.28 | V69: 9.28 | W69: 100 | Y69: 64 | Z69: 2.2 | AA69: 0 | AB69: 1.0993056 | AC69: 2.6 | AD69: 0.6
A70: Will Cuylle | C70: 0 | D70: W | E70: 4100 | F70: NYR | G70: vs BOS | H70: 0.79166667 | I70: N | J70: 0.545 | K70: 83.5 | L70: 6.5 | M70: 3.2 | N70: 3.25 | O70: 3 | P70: 2 | Q70: 0.71666667 | R70: 7.7 | S70: 6.5 | T70: 21.86 | U70: 8.86 | V70: 8.86 | W70: 100 | Y70: 58 | Z70: 2.2 | AA70: 0 | AB70: 0.63333333 | AC70: 13 | AD70: 3.2
A71: Charlie Coyle | C71: 0 | D71: C | E71: 4000 | F71: CBJ | G71: vs LA | H71: 0.79166667 | I71: Y | J71: 0.42 | K71: -72.5 | L71: 6 | M71: 3.06 | N71: 3 | O71: 3 | P71: 1 | Q71: 0.73541667 | R71: 7.6 | S71: 8.23 | T71: 25.53 | U71: 9.07 | V71: 9.07 | W71: 100 | Y71: 46 | Z71: 2.3 | AA71: 0
A72: Lawson Crouse | C72: 0 | D72: W | E72: 3900 | F72: UTA | G72: @ TB | H72: 0.79166667 | I72: N | J72: 0.506 | K72: 97.5 | L72: 6 | M72: 3 | N72: 3.37 | O72: 1 | P72: 2 | Q72: 0.67638889 | R72: 7.3 | S72: 6.21 | T72: 21.02 | U72: 8.6 | V72: 8.6 | W72: 100 | Y72: 57 | Z72: 2.2 | AA72: 0 | AB72: 0.74375 | AC72: 1.3 | AD72: 0.3
A73: Cam York | C73: 0 | D73: D | E73: 3900 | F73: PHI | G73: vs NYI | H73: 0.79166667 | I73: Y | J73: 0.433 | K73: -76.5 | L73: 6 | M73: 3.09 | N73: 3 | O73: 1 | P73: 2 | Q73: 0.95625 | R73: 8.4 | S73: 6.27 | T73: 22.13 | U73: 9.59 | V73: 9.59 | W73: 100 | Y73: 63 | Z73: 2.5 | AA73: 0 | AB73: 0.93541667 | AC73: 12.9 | AD73: 3.3
A74: Matvei Michkov | C74: 0 | D74: W | E74: 3900 | F74: PHI | G74: vs NYI | H74: 0.79166667 | I74: Y | J74: 0.433 | K74: -76.5 | L74: 6 | M74: 3.09 | N74: 3 | O74: 3 | P74: 2 | Q74: 0.61180556 | R74: 7.1 | S74: 6.32 | T74: 21.5 | U74: 8.86 | V74: 8.86 | W74: 100 | Y74: 55 | Z74: 2.3 | AA74: 0 | AB74: 0.67361111 | AC74: 6 | AD74: 1.5
A75: Alexis Lafreniere | C75: 0 | D75: W | E75: 3700 | F75: NYR | G75: vs BOS | H75: 0.79166667 | I75: N | J75: 0.545 | K75: 83.5 | L75: 6.5 | M75: 3.2 | N75: 3.25 | O75: 1 | P75: 2 | Q75: 0.71388889 | R75: 7.1 | S75: 6.44 | T75: 21.29 | U75: 8.41 | V75: 8.41 | W75: 100 | Y75: 55 | Z75: 2.3 | AA75: 0 | AB75: 0.79513889 | AC75: 6.3 | AD75: 1.7
A76: Pavel Zacha | C76: 0 | D76: C | E76: 3700 | F76: BOS | G76: @ NYR | H76: 0.79166667 | I76: Y | J76: 0.455 | K76: -83.5 | L76: 6.5 | M76: 3.25 | N76: 3.2 | O76: 2 | P76: 1 | Q76: 0.71805556 | R76: 7.7 | S76: 6.79 | T76: 22.97 | U76: 9.39 | V76: 9.39 | W76: 100 | Y76: 56 | Z76: 2.5 | AA76: 0 | AB76: 0.73333333 | AC76: 3 | AD76: 0.8
A77: Denton Mateychuk | C77: 0 | D77: D | E77: 3600 | F77: CBJ | G77: vs LA | H77: 0.79166667 | I77: Y | J77: 0.42 | K77: -72.5 | L77: 6 | M77: 3.06 | N77: 3 | O77: 3 | P77: 2 | Q77: 0.86597222 | R77: 7.4 | S77: 4.77 | T77: 17.91 | U77: 8.37 | V77: 8.37 | W77: 100 | Y77: 68 | Z77: 2.3 | AA77: 0
A78: Chris Kreider | C78: 0 | D78: W | E78: 3600 | F78: ANA | G78: @ EDM | H78: 0.85416667 | I78: N | J78: 0.391 | K78: 156 | L78: 7 | M78: 3.5 | N78: 4.4 | O78: 3 | P78: 1 | Q78: 0.70833333 | R78: 7.7 | S78: 7.01 | T78: 22.09 | U78: 8.07 | V78: 8.07 | W78: 100 | Y78: 54 | Z78: 2.2 | AA78: 0 | AB78: 0.72083333 | AC78: 11 | AD78: 3.1
A79: Rasmus Ristolainen | C79: 0 | D79: D | E79: 3500 | F79: PHI | G79: vs NYI | H79: 0.79166667 | I79: Y | J79: 0.433 | K79: -76.5 | L79: 6 | M79: 3.09 | N79: 3 | O79: 3 | Q79: 0.87222222 | R79: 6.6 | S79: 3.99 | T79: 16.58 | U79: 8.6 | V79: 8.6 | W79: 100 | Y79: 70 | Z79: 2.5 | AA79: 0 | AB79: 0.69305556 | AC79: 1.3 | AD79: 0.4
A80: Travis Sanheim | C80: 0 | D80: D | E80: 3500 | F80: PHI | G80: vs NYI | H80: 0.79166667 | I80: Y | J80: 0.433 | K80: -76.5 | L80: 6 | M80: 3.09 | N80: 3 | O80: 1 | Q80: 1.0027778 | R80: 7.9 | S80: 5.38 | T80: 19.75 | U80: 8.99 | V80: 8.99 | W80: 100 | Y80: 66 | Z80: 2.6 | AA80: 0 | AB80: 0.94375 | AC80: 2.6 | AD80: 0.7
A81: Quinton Byfield | C81: 0 | D81: C | E81: 4800 | F81: LA | G81: @ CBJ | H81: 0.79166667 | I81: N | J81: 0.58 | K81: 72.5 | L81: 6 | M81: 3 | N81: 3.06 | O81: 2 | P81: 2 | Q81: 0.83680556 | R81: 7.8 | S81: 6.44 | T81: 20.32 | U81: 7.44 | V81: 7.44 | W81: 100 | Y81: 59 | Z81: 1.6 | AA81: 0
A82: Emil Heineman | C82: 0 | D82: W | E82: 4500 | F82: NYI | G82: @ PHI | H82: 0.79166667 | I82: N | J82: 0.567 | K82: 76.5 | L82: 6 | M82: 3 | N82: 3.09 | O82: 1 | P82: 2 | Q82: 0.69444444 | R82: 8 | S82: 7.03 | T82: 21.86 | U82: 7.8 | V82: 7.8 | W82: 100 | Y82: 56 | Z82: 1.7 | AA82: 0 | AB82: 0.71875 | AC82: 1.3 | AD82: 0.3
A83: Anthony Deangelo | C83: 0 | D83: D | E83: 4100 | F83: NYI | G83: @ PHI | H83: 0.79166667 | I83: N | J83: 0.567 | K83: 76.5 | L83: 6 | M83: 3 | N83: 3.09 | O83: 2 | P83: 2 | Q83: 0.76458333 | R83: 6.6 | S83: 5.13 | T83: 18.01 | U83: 7.75 | V83: 7.75 | W83: 100 | Y83: 61 | Z83: 1.9 | AA83: 0 | AB83: 0.93888889 | AC83: 28.9 | AD83: 7
A84: Anthony Duclair | C84: 0 | D84: W | E84: 4000 | F84: NYI | G84: @ PHI | H84: 0.79166667 | I84: N | J84: 0.567 | K84: 76.5 | L84: 6 | M84: 3 | N84: 3.09 | O84: 2 | P84: 2 | Q84: 0.55902778 | R84: 6.2 | S84: 7.11 | T84: 21.91 | U84: 7.69 | V84: 7.69 | W84: 100 | Y84: 43 | Z84: 1.9 | AA84: 0 | AB84: 0.66805556 | AC84: 11.5 | AD84: 2.9
A85: Bobby Brink | C85: 0 | D85: W | E85: 3500 | F85: PHI | G85: vs NYI | H85: 0.79166667 | I85: Y | J85: 0.433 | K85: -76.5 | L85: 6 | M85: 3.09 | N85: 3 | O85: 3 | P85: 1 | Q85: 0.64305556 | R85: 6.9 | S85: 5.94 | T85: 19.75 | U85: 7.87 | V85: 7.87 | W85: 100 | Y85: 57 | Z85: 2.2 | AA85: 0 | AB85: 0.62569444 | AC85: 0
A86: Sean Monahan | C86: 0 | D86: C | E86: 3500 | F86: CBJ | G86: vs LA | H86: 0.79166667 | I86: Y | J86: 0.42 | K86: -72.5 | L86: 6 | M86: 3.06 | N86: 3 | O86: 2 | P86: 2 | Q86: 0.74305556 | R86: 6.5 | S86: 5.52 | T86: 18.62 | U86: 7.58 | V86: 7.58 | W86: 100 | Y86: 58 | Z86: 2.2 | AA86: 0
A87: Damon Severson | C87: 0 | D87: D | E87: 3400 | F87: CBJ | G87: vs LA | H87: 0.79166667 | I87: Y | J87: 0.42 | K87: -72.5 | L87: 6 | M87: 3.06 | N87: 3 | O87: 1 | Q87: 0.85208333 | R87: 6 | S87: 4.69 | T87: 17.15 | U87: 7.77 | V87: 7.77 | W87: 100 | Y87: 61 | Z87: 2.3 | AA87: 0
A88: Alex Killorn | C88: 0 | D88: W | E88: 3400 | F88: ANA | G88: @ EDM | H88: 0.85416667 | I88: N | J88: 0.391 | K88: 156 | L88: 7 | M88: 3.5 | N88: 4.4 | O88: 1 | P88: 2 | Q88: 0.6625 | R88: 5.4 | S88: 4.79 | T88: 16.98 | U88: 7.4 | V88: 7.4 | W88: 100 | Y88: 56 | Z88: 2.2 | AA88: 0 | AB88: 0.80416667 | AC88: 10 | AD88: 2.9
A89: Oliver Bjorkstrand | C89: 0 | D89: W | E89: 3300 | F89: TB | G89: vs UTA | H89: 0.79166667 | I89: Y | J89: 0.494 | K89: -97.5 | L89: 6 | M89: 3.37 | N89: 3 | O89: 4 | P89: 1 | Q89: 0.58819444 | R89: 6.1 | S89: 5.98 | T89: 20 | U89: 8.04 | V89: 8.04 | W89: 100 | Y89: 51 | Z89: 2.4 | AA89: 0 | AB89: 0.53055556 | AC89: 1.5 | AD89: 0.5
A90: Adam Pelech | C90: 0 | D90: D | E90: 3200 | F90: NYI | G90: @ PHI | H90: 0.79166667 | I90: N | J90: 0.567 | K90: 76.5 | L90: 6 | M90: 3 | N90: 3.09 | O90: 2 | Q90: 0.86319444 | R90: 6.5 | S90: 3.98 | T90: 16.16 | U90: 8.2 | V90: 8.2 | W90: 100 | Y90: 69 | Z90: 2.6 | AA90: 0 | AB90: 1.00625 | AC90: 6.3 | AD90: 2
A91: Nick Seeler | C91: 0 | D91: D | E91: 3200 | F91: PHI | G91: vs NYI | H91: 0.79166667 | I91: Y | J91: 0.433 | K91: -76.5 | L91: 6 | M91: 3.09 | N91: 3 | O91: 2 | Q91: 0.78958333 | R91: 6.5 | S91: 4.79 | T91: 17.71 | U91: 8.13 | V91: 8.13 | W91: 100 | Y91: 63 | Z91: 2.5 | AA91: 0 | AB91: 0.86111111 | AC91: 2.6 | AD91: 0.8
A92: Braden Schneider | C92: 0 | D92: D | E92: 3300 | F92: NYR | G92: vs BOS | H92: 0.79166667 | I92: N | J92: 0.545 | K92: 83.5 | L92: 6.5 | M92: 3.2 | N92: 3.25 | O92: 1 | Q92: 0.84027778 | R92: 5.7 | S92: 4.09 | T92: 15 | U92: 6.82 | V92: 6.82 | W92: 100 | Y92: 64 | Z92: 2.1 | AA92: 0 | AB92: 0.88055556 | AC92: 11 | AD92: 3.3
A93: Dmitri Voronkov | C93: 0 | D93: W | E93: 3100 | F93: CBJ | G93: vs LA | H93: 0.79166667 | I93: Y | J93: 0.42 | K93: -72.5 | L93: 6 | M93: 3.06 | N93: 3 | O93: 4 | Q93: 0.62430556 | R93: 7.9 | S93: 7.22 | T93: 22.05 | U93: 7.61 | V93: 7.61 | W93: 100 | Y93: 54 | Z93: 2.5 | AA93: 0
A94: Ryan Poehling | C94: 0 | D94: C | E94: 3100 | F94: ANA | G94: @ EDM | H94: 0.85416667 | I94: N | J94: 0.391 | K94: 156 | L94: 7 | M94: 3.5 | N94: 4.4 | O94: 2 | Q94: 0.58263889 | R94: 5.8 | S94: 5.09 | T94: 18.55 | U94: 8.37 | V94: 8.37 | W94: 100 | Y94: 56 | Z94: 2.7 | AA94: 0 | AB94: 0.78680556 | AC94: 9.1 | AD94: 2.9
A95: Corey Perry | C95: 0 | D95: W | E95: 3800 | F95: LA | G95: @ CBJ | H95: 0.79166667 | I95: N | J95: 0.58 | K95: 72.5 | L95: 6 | M95: 3 | N95: 3.06 | O95: 1 | P95: 1 | Q95: 0.58125 | R95: 7.1 | S95: 5.28 | T95: 17.34 | U95: 6.78 | V95: 6.78 | W95: 100 | Y95: 63 | Z95: 1.8 | AA95: 0
A96: Sean Couturier | C96: 0 | D96: C | E96: 3300 | F96: PHI | G96: vs NYI | H96: 0.79166667 | I96: Y | J96: 0.433 | K96: -76.5 | L96: 6 | M96: 3.09 | N96: 3 | O96: 2 | Q96: 0.72013889 | R96: 6.3 | S96: 6.49 | T96: 19.88 | U96: 6.9 | V96: 6.9 | W96: 100 | Y96: 48 | Z96: 2.1 | AA96: 0 | AB96: 0.71805556 | AC96: 0
A97: Michael Carcone | C97: 0 | D97: W | E97: 3100 | F97: UTA | G97: @ TB | H97: 0.79166667 | I97: N | J97: 0.506 | K97: 97.5 | L97: 6 | M97: 3 | N97: 3.37 | O97: 3 | P97: 2 | Q97: 0.51805556 | R97: 5.9 | S97: 5.63 | T97: 18.3 | U97: 7.04 | V97: 7.04 | W97: 100 | Y97: 52 | Z97: 2.3 | AA97: 0 | AB97: 0.53819444 | AC97: 6 | AD97: 1.9
A98: J.J. Moser | C98: 0 | D98: D | E98: 3000 | F98: TB | G98: vs UTA | H98: 0.79166667 | I98: Y | J98: 0.494 | K98: -97.5 | L98: 6 | M98: 3.37 | N98: 3 | O98: 1 | P98: 2 | Q98: 0.91111111 | R98: 5.9 | S98: 4.58 | T98: 16.9 | U98: 7.74 | V98: 7.74 | W98: 100 | Y98: 61 | Z98: 2.6 | AA98: 0 | AB98: 1.0618056 | AC98: 19 | AD98: 6.3
A99: Simon Holmstrom | C99: 0 | D99: W | E99: 3500 | F99: NYI | G99: @ PHI | H99: 0.79166667 | I99: N | J99: 0.567 | K99: 76.5 | L99: 6 | M99: 3 | N99: 3.09 | O99: 2 | P99: 1 | Q99: 0.68402778 | R99: 6 | S99: 6.44 | T99: 19.56 | U99: 6.68 | V99: 6.68 | W99: 100 | Y99: 46 | Z99: 1.9 | AA99: 0
A100: Marat Khusnutdinov | C100: 0 | D100: W | E100: 3000 | F100: BOS | G100: @ NYR | H100: 0.79166667 | I100: Y | J100: 0.455 | K100: -83.5 | L100: 6.5 | M100: 3.25 | N100: 3.2 | O100: 3 | Q100: 0.58888889 | R100: 5.3 | S100: 7.98 | T100: 23.15 | U100: 7.19 | V100: 7.19 | W100: 100 | Y100: 25 | Z100: 2.4 | AA100: 0 | AB100: 0.67986111 | AC100: 3 | AD100: 1
...
