Workbook

Sheet Actual
A1: Player | B1: Roster Position | C1: %Drafted | D1: FPTS
A2: Adam Boqvist | B2: D | C2: 0.0051 | D2: 0
A3: Adam Fantilli | B3: C | C3: 0.1566 | D3: 11
A4: Adam Pelech | B4: D | C4: 0.0758 | D4: 9.3
A5: Alexis Lafreniere | B5: W | C5: 0.1027 | D5: 3
A6: Anders Lee | B6: UTIL | C6: 0.0808 | D6: 13.1
A7: Anthony Duclair | B7: W | C7: 0.2694 | D7: 2.8
A8: Artem Zub | B8: D | C8: 0.0303 | D8: 12.8
A9: Artemi Panarin | B9: W | C9: 0.0101 | D9: 0
A10: Artturi Lehkonen | B10: W | C10: 0.1296 | D10: 0
A11: Bo Horvat | B11: C | C11: 0.0943 | D11: 6.5
A12: Bobby Brink | B12: W | C12: 0.0623 | D12: 1.3
A13: Boone Jenner | B13: W | C13: 0.0741 | D13: 2.8
... A113: Zach Werenski | B113: D | C113: 0.1616 | D113: 14.3

Sheet Projection
A1: name | B1: team | C1: position | D1: salary | E1: projected_fpts | F1: dk_avg_fpts | G1: edge | H1: value | I1: floor | J1: ceiling | K1: player_type | L1: actual | M1: own | N1: TOI
A2: Travis Konecny | B2: PHI | C2: W | D2: 5500 | E2: 12.095887 | F2: 10.14 | G2: 1.9558866 | H2: 2.1992521 | I2: 3.0239717 | J2: 35.239717 | K2: skater | L2: =IFERROR(VLOOKUP($A2,Actual!$A:$D,4,FALSE),IFERROR(VLOOKUP($A2,FC!$A:$AC,29,FALSE),"Not Found")) -> 37.3 | M2: =IFERROR(VLOOKUP($A2,Actual!$A:$D,3,FALSE),"0") -> 0.1818 | N2: =VLOOKUP(A2,NHT!B:F,5,FALSE) -> 12.683333
A3: Mathew Barzal | B3: NYI | C3: C | D3: 6500 | E3: 11.142732 | F3: 9.59 | G3: 1.5527321 | H3: 1.7142665 | I3: 2.785683 | J3: 32.85683 | K3: skater | L3: =IFERROR(VLOOKUP($A3,Actual!$A:$D,4,FALSE),IFERROR(VLOOKUP($A3,FC!$A:$AC,29,FALSE),"Not Found")) -> 25.9 | M3: =IFERROR(VLOOKUP($A3,Actual!$A:$D,3,FALSE),"0") -> 0.1431 | N3: =VLOOKUP(A3,NHT!B:F,5,FALSE) -> 13.983333
A4: Simon Holmstrom | B4: NYI | C4: W | D4: 3300 | E4: 7.1096113 | F4: 6.22 | G4: 0.88961125 | H4: 2.1544277 | I4: 1.7774028 | J4: 22.774028 | K4: skater | L4: =IFERROR(VLOOKUP($A4,Actual!$A:$D,4,FALSE),IFERROR(VLOOKUP($A4,FC!$A:$AC,29,FALSE),"Not Found")) -> 24.5 | M4: =IFERROR(VLOOKUP($A4,Actual!$A:$D,3,FALSE),"0") -> 0.096 | N4: =VLOOKUP(A4,NHT!B:F,5,FALSE) -> 12.183333
A5: Jean-Gabriel Pageau | B5: NYI | C5: C | D5: 3500 | E5: 6.6459421 | F5: 6.36 | G5: 0.2859421 | H5: 1.8988406 | I5: 1.6614855 | J5: 21.614855 | K5: skater | L5: =IFERROR(VLOOKUP($A5,Actual!$A:$D,4,FALSE),IFERROR(VLOOKUP($A5,FC!$A:$AC,29,FALSE),"Not Found")) -> 19.3 | M5: =IFERROR(VLOOKUP($A5,Actual!$A:$D,3,FALSE),"0") -> 0.0539 | N5: =VLOOKUP(A5,NHT!B:F,5,FALSE) -> 12.05
A6: Tim Stuetzle | B6: OTT | C6: C | D6: 6800 | E6: 12.785263 | F6: 12.03 | G6: 0.75526261 | H6: 1.8801857 | I6: 3.1963157 | J6: 36.963157 | K6: skater | L6: =IFERROR(VLOOKUP($A6,Actual!$A:$D,4,FALSE),IFERROR(VLOOKUP($A6,FC!$A:$AC,29,FALSE),"Not Found")) -> 18 | M6: =IFERROR(VLOOKUP($A6,Actual!$A:$D,3,FALSE),"0") -> 0.0657 | N6: =VLOOKUP(A6,NHT!B:F,5,FALSE) -> 13.283333
A7: Mathieu Olivier | B7: CBJ | C7: W | D7: 2800 | E7: 5.259493 | F7: 5.02 | G7: 0.23949301 | H7: 1.8783904 | I7: 1.3148733 | J7: 18.148733 | K7: skater | L7: =IFERROR(VLOOKUP($A7,Actual!$A:$D,4,FALSE),IFERROR(VLOOKUP($A7,FC!$A:$AC,29,FALSE),"Not Found")) -> 17.8 | M7: =IFERROR(VLOOKUP($A7,Actual!$A:$D,3,FALSE),"0") -> 0.0168 | N7: =VLOOKUP(A7,NHT!B:F,5,FALSE) -> 11.883333
A8: Matthew Schaefer | B8: NYI | C8: D | D8: 6000 | E8: 12.337982 | F8: 10.06 | G8: 2.2779822 | H8: 2.0563304 | I8: 3.0844955 | J8: 35.844955 | K8: skater | L8: =IFERROR(VLOOKUP($A8,Actual!$A:$D,4,FALSE),IFERROR(VLOOKUP($A8,FC!$A:$AC,29,FALSE),"Not Found")) -> 16.4 | M8: =IFERROR(VLOOKUP($A8,Actual!$A:$D,3,FALSE),"0") -> 0.1094 | N8: =VLOOKUP(A8,NHT!B:F,5,FALSE) -> 20.333333
A9: Charlie Coyle | B9: CBJ | C9: C | D9: 4100 | E9: 8.3930991 | F9: 7.86 | G9: 0.53309908 | H9: 2.0470973 | I9: 2.0982748 | J9: 25.982748 | K9: skater | L9: =IFERROR(VLOOKUP($A9,Actual!$A:$D,4,FALSE),IFERROR(VLOOKUP($A9,FC!$A:$AC,29,FALSE),"Not Found")) -> 15 | M9: =IFERROR(VLOOKUP($A9,Actual!$A:$D,3,FALSE),"0") -> 0.1263 | N9: =VLOOKUP(A9,NHT!B:F,5,FALSE) -> 11.433333
A10: Emil Heineman | B10: NYI | C10: W | D10: 4200 | E10: 8.7952498 | F10: 7.88 | G10: 0.91524977 | H10: 2.0941071 | I10: 2.1988124 | J10: 26.988124 | K10: skater | L10: =IFERROR(VLOOKUP($A10,Actual!$A:$D,4,FALSE),IFERROR(VLOOKUP($A10,FC!$A:$AC,29,FALSE),"Not Found")) -> 14.5 | M10: =IFERROR(VLOOKUP($A10,Actual!$A:$D,3,FALSE),"0") -> 0.0892 | N10: =VLOOKUP(A10,NHT!B:F,5,FALSE) -> 13.15
A11: Claude Giroux | B11: OTT | C11: W | D11: 3500 | E11: 8.4397722 | F11: 7.13 | G11: 1.3097722 | H11: 2.4113635 | I11: 2.1099431 | J11: 26.099431 | K11: skater | L11: =IFERROR(VLOOKUP($A11,Actual!$A:$D,4,FALSE),IFERROR(VLOOKUP($A11,FC!$A:$AC,29,FALSE),"Not Found")) -> 14.5 | M11: =IFERROR(VLOOKUP($A11,Actual!$A:$D,3,FALSE),"0") -> 0.0522 | N11: =VLOOKUP(A11,NHT!B:F,5,FALSE) -> 13.666667
A12: Zach Werenski | B12: CBJ | C12: D | D12: 8500 | E12: 18.007785 | F12: 16.08 | G12: 1.9277854 | H12: 2.118563 | I12: 4.5019464 | J12: 50.019464 | K12: skater | L12: =IFERROR(VLOOKUP($A12,Actual!$A:$D,4,FALSE),IFERROR(VLOOKUP($A12,FC!$A:$AC,29,FALSE),"Not Found")) -> 14.3 | M12: =IFERROR(VLOOKUP($A12,Actual!$A:$D,3,FALSE),"0") -> 0.1616 | N12: =VLOOKUP(A12,NHT!B:F,5,FALSE) -> 16.033333
A13: Nick Cousins | B13: OTT | C13: C | D13: 2500 | E13: 3.9640097 | F13: 3.49 | G13: 0.47400972 | H13: 1.5856039 | I13: 0.99100243 | J13: 14.910024 | K13: skater | L13: =IFERROR(VLOOKUP($A13,Actual!$A:$D,4,FALSE),IFERROR(VLOOKUP($A13,FC!$A:$AC,29,FALSE),"Not Found")) -> 14.3 | M13: =IFERROR(VLOOKUP($A13,Actual!$A:$D,3,FALSE),"0") -> 0 | N13: =VLOOKUP(A13,NHT!B:F,5,FALSE) -> 16.716667
... A108: Taylor Makar | B108: COL | C108: W | D108: 2500 | E108: 2.455299 | F108: 1.48 | G108: 0.97529903 | H108: 0.98211961 | I108: 0.61382476 | J108: 11.138248 | K108: skater | L108: =IFERROR(VLOOKUP($A108,Actual!$A:$D,4,FALSE),IFERROR(VLOOKUP($A108,FC!$A:$AC,29,FALSE),"Not Found")) -> 0 | M108: =IFERROR(VLOOKUP($A108,Actual!$A:$D,3,FALSE),"0") -> 0.0017 | N108: =VLOOKUP(A108,NHT!B:F,5,FALSE) -> 5.5

Sheet NHT
B1: Player | C1: Team | D1: Position | E1: GP | F1: TOI | G1: Goals | H1: Total Assists | I1: First Assists | J1: Second Assists | K1: Total Points | L1: IPP | M1: Shots | N1: SH% | O1: ixG | P1: iCF | Q1: iFF | R1: iSCF | S1: iHDCF | T1: Rush Attempts | U1: Rebounds Created | V1: PIM | W1: Total Penalties | X1: Minor | Y1: Major | Z1: Misconduct | AA1: Penalties Drawn | AB1: Giveaways | AC1: Takeaways | AD1: Hits | AE1: Hits Taken | AF1: Shots Blocked | AG1: Faceoffs Won | AH1: Faceoffs Lost | AI1: Faceoffs %
A2: 104 | B2: Adam Fantilli | C2: CBJ | D2: C | E2: 1 | F2: 13.2 | G2: 0 | H2: 0 | I2: 0 | J2: 0 | K2: 0 | L2: - | M2: 2 | N2: 0 | O2: 0.48 | P2: 6 | Q2: 5 | R2: 3 | S2: 2 | T2: 0 | U2: 1 | V2: 0 | W2: 0 | X2: 0 | Y2: 0 | Z2: 0 | AA2: 0 | AB2: 0 | AC2: 0 | AD2: 2 | AE2: 1 | AF2: 0 | AG2: 10 | AH2: 4 | AI2: 71.43
A3: 22 | B3: Adam Pelech | C3: NYI | D3: D | E3: 1 | F3: 15.733333 | G3: 0 | H3: 1 | I3: 1 | J3: 0 | K3: 1 | L3: 50 | M3: 2 | N3: 0 | O3: 0.02 | P3: 2 | Q3: 2 | R3: 0 | S3: 0 | T3: 0 | U3: 0 | V3: 0 | W3: 0 | X3: 0 | Y3: 0 | Z3: 0 | AA3: 0 | AB3: 1 | AC3: 1 | AD3: 0 | AE3: 1 | AF3: 1 | AG3: 0 | AH3: 0 | AI3: -
A4: 84 | B4: Alexis Lafreniere | C4: NYR | D4: L | E4: 1 | F4: 11.5 | G4: 0 | H4: 0 | I4: 0 | J4: 0 | K4: 0 | L4: - | M4: 0 | N4: - | O4: 0.04 | P4: 1 | Q4: 1 | R4: 0 | S4: 0 | T4: 0 | U4: 0 | V4: 2 | W4: 1 | X4: 1 | Y4: 0 | Z4: 0 | AA4: 1 | AB4: 0 | AC4: 1 | AD4: 0 | AE4: 0 | AF4: 0 | AG4: 0 | AH4: 0 | AI4: -
A5: 5 | B5: Anders Lee | C5: NYI | D5: L | E5: 1 | F5: 12.633333 | G5: 0 | H5: 0 | I5: 0 | J5: 0 | K5: 0 | L5: 0 | M5: 3 | N5: 0 | O5: 0.21 | P5: 4 | Q5: 3 | R5: 3 | S5: 1 | T5: 0 | U5: 2 | V5: 0 | W5: 0 | X5: 0 | Y5: 0 | Z5: 0 | AA5: 0 | AB5: 1 | AC5: 0 | AD5: 1 | AE5: 2 | AF5: 2 | AG5: 1 | AH5: 0 | AI5: 100
A6: 26 | B6: Anthony Duclair | C6: NYI | D6: L | E6: 1 | F6: 13.95 | G6: 0 | H6: 0 | I6: 0 | J6: 0 | K6: 0 | L6: - | M6: 0 | N6: - | O6: 0 | P6: 1 | Q6: 0 | R6: 0 | S6: 0 | T6: 0 | U6: 0 | V6: 0 | W6: 0 | X6: 0 | Y6: 0 | Z6: 0 | AA6: 0 | AB6: 1 | AC6: 1 | AD6: 0 | AE6: 1 | AF6: 1 | AG6: 0 | AH6: 0 | AI6: -
A7: 88 | B7: Artem Zub | C7: OTT | D7: D | E7: 1 | F7: 19.583333 | G7: 0 | H7: 1 | I7: 1 | J7: 0 | K7: 1 | L7: 100 | M7: 1 | N7: 0 | O7: 0.02 | P7: 3 | Q7: 2 | R7: 1 | S7: 0 | T7: 0 | U7: 1 | V7: 0 | W7: 0 | X7: 0 | Y7: 0 | Z7: 0 | AA7: 0 | AB7: 0 | AC7: 1 | AD7: 2 | AE7: 2 | AF7: 0 | AG7: 0 | AH7: 0 | AI7: -
A8: 28 | B8: Artturi Lehkonen | C8: COL | D8: L | E8: 1 | F8: 15.45 | G8: 0 | H8: 0 | I8: 0 | J8: 0 | K8: 0 | L8: 0 | M8: 0 | N8: - | O8: 0 | P8: 1 | Q8: 0 | R8: 1 | S8: 0 | T8: 0 | U8: 0 | V8: 2 | W8: 1 | X8: 1 | Y8: 0 | Z8: 0 | AA8: 0 | AB8: 1 | AC8: 0 | AD8: 2 | AE8: 4 | AF8: 0 | AG8: 0 | AH8: 1 | AI8: 0
A9: 33 | B9: Bo Horvat | C9: NYI | D9: C | E9: 1 | F9: 13.183333 | G9: 0 | H9: 0 | I9: 0 | J9: 0 | K9: 0 | L9: 0 | M9: 1 | N9: 0 | O9: 0.21 | P9: 3 | Q9: 3 | R9: 2 | S9: 2 | T9: 0 | U9: 0 | V9: 2 | W9: 1 | X9: 1 | Y9: 0 | Z9: 0 | AA9: 0 | AB9: 1 | AC9: 0 | AD9: 0 | AE9: 1 | AF9: 0 | AG9: 7 | AH9: 4 | AI9: 63.64
A10: 74 | B10: Bobby Brink | C10: PHI | D10: R | E10: 1 | F10: 10.966667 | G10: 0 | H10: 0 | I10: 0 | J10: 0 | K10: 0 | L10: - | M10: 0 | N10: - | O10: 0 | P10: 1 | Q10: 0 | R10: 0 | S10: 0 | T10: 0 | U10: 0 | V10: 0 | W10: 0 | X10: 0 | Y10: 0 | Z10: 0 | AA10: 0 | AB10: 2 | AC10: 0 | AD10: 2 | AE10: 0 | AF10: 0 | AG10: 0 | AH10: 0 | AI10: -
A11: 18 | B11: Boone Jenner | C11: CBJ | D11: C | E11: 1 | F11: 13.1 | G11: 0 | H11: 0 | I11: 0 | J11: 0 | K11: 0 | L11: 0 | M11: 1 | N11: 0 | O11: 0.07 | P11: 1 | Q11: 1 | R11: 0 | S11: 0 | T11: 0 | U11: 1 | V11: 0 | W11: 0 | X11: 0 | Y11: 0 | Z11: 0 | AA11: 0 | AB11: 1 | AC11: 0 | AD11: 1 | AE11: 1 | AF11: 1 | AG11: 0 | AH11: 0 | AI11: -
A12: 80 | B12: Braden Schneider | C12: NYR | D12: D | E12: 1 | F12: 19.916667 | G12: 0 | H12: 0 | I12: 0 | J12: 0 | K12: 0 | L12: - | M12: 3 | N12: 0 | O12: 0.16 | P12: 5 | Q12: 4 | R12: 3 | S12: 0 | T12: 1 | U12: 0 | V12: 0 | W12: 0 | X12: 0 | Y12: 0 | Z12: 0 | AA12: 0 | AB12: 1 | AC12: 0 | AD12: 2 | AE12: 3 | AF12: 0 | AG12: 0 | AH12: 0 | AI12: -
A13: 64 | B13: Brady Tkachuk | C13: OTT | D13: L | E13: 1 | F13: 11.45 | G13: 0 | H13: 0 | I13: 0 | J13: 0 | K13: 0 | L13: - | M13: 1 | N13: 0 | O13: 0.25 | P13: 4 | Q13: 3 | R13: 1 | S13: 1 | T13: 0 | U13: 0 | V13: 0 | W13: 0 | X13: 0 | Y13: 0 | Z13: 0 | AA13: 0 | AB13: 1 | AC13: 2 | AD13: 1 | AE13: 1 | AF13: 0 | AG13: 2 | AH13: 0 | AI13: 100
A14: 95 | B14: Brennan Othmann | C14: NYR | D14: L | E14: 1 | F14: 12.983333 | G14: 0 | H14: 0 | I14: 0 | J14: 0 | K14: 0 | L14: 0 | M14: 0 | N14: - | O14: 0 | P14: 1 | Q14: 0 | R14: 1 | S14: 0 | T14: 0 | U14: 0 | V14: 0 | W14: 0 | X14: 0 | Y14: 0 | Z14: 0 | AA14: 0 | AB14: 0 | AC14: 0 | AD14: 4 | AE14: 2 | AF14: 0 | AG14: 0 | AH14: 1 | AI14: 0
A15: 1 | B15: Brent Burns | C15: COL | D15: D | E15: 1 | F15: 18.45 | G15: 0 | H15: 0 | I15: 0 | J15: 0 | K15: 0 | L15: 0 | M15: 1 | N15: 0 | O15: 0.02 | P15: 2 | Q15: 2 | R15: 0 | S15: 0 | T15: 0 | U15: 1 | V15: 0 | W15: 0 | X15: 0 | Y15: 0 | Z15: 0 | AA15: 0 | AB15: 2 | AC15: 0 | AD15: 0 | AE15: 1 | AF15: 0 | AG15: 0 | AH15: 0 | AI15: -
A16: 8 | B16: Brock Nelson | C16: COL | D16: C | E16: 1 | F16: 18.283333 | G16: 0 | H16: 1 | I16: 1 | J16: 0 | K16: 1 | L16: inf | M16: 0 | N16: - | O16: 0 | P16: 0 | Q16: 0 | R16: 0 | S16: 0 | T16: 0 | U16: 0 | V16: 0 | W16: 0 | X16: 0 | Y16: 0 | Z16: 0 | AA16: 0 | AB16: 1 | AC16: 0 | AD16: 0 | AE16: 1 | AF16: 1 | AG16: 6 | AH16: 5 | AI16: 54.55
A17: 59 | B17: Cale Makar | C17: COL | D17: D | E17: 1 | F17: 22.366667 | G17: 0 | H17: 0 | I17: 0 | J17: 0 | K17: 0 | L17: - | M17: 4 | N17: 0 | O17: 0.19 | P17: 8 | Q17: 6 | R17: 2 | S17: 0 | T17: 0 | U17: 1 | V17: 0 | W17: 0 | X17: 0 | Y17: 0 | Z17: 0 | AA17: 0 | AB17: 1 | AC17: 1 | AD17: 0 | AE17: 0 | AF17: 1 | AG17: 0 | AH17: 0 | AI17: -
A18: 73 | B18: Cam York | C18: PHI | D18: D | E18: 1 | F18: 17.716667 | G18: 0 | H18: 1 | I18: 1 | J18: 0 | K18: 1 | L18: 100 | M18: 2 | N18: 0 | O18: 0.09 | P18: 2 | Q18: 2 | R18: 1 | S18: 1 | T18: 0 | U18: 0 | V18: 0 | W18: 0 | X18: 0 | Y18: 0 | Z18: 0 | AA18: 0 | AB18: 0 | AC18: 0 | AD18: 0 | AE18: 2 | AF18: 1 | AG18: 0 | AH18: 0 | AI18: -
A19: 51 | B19: Carl Grundstrom | C19: PHI | D19: R | E19: 1 | F19: 8.8666667 | G19: 0 | H19: 0 | I19: 0 | J19: 0 | K19: 0 | L19: - | M19: 0 | N19: - | O19: 0 | P19: 0 | Q19: 0 | R19: 0 | S19: 0 | T19: 0 | U19: 0 | V19: 0 | W19: 0 | X19: 0 | Y19: 0 | Z19: 0 | AA19: 0 | AB19: 0 | AC19: 0 | AD19: 3 | AE19: 0 | AF19: 1 | AG19: 0 | AH19: 0 | AI19: -
A20: 24 | B20: Carson Soucy | C20: NYI | D20: D | E20: 1 | F20: 14.7 | G20: 0 | H20: 0 | I20: 0 | J20: 0 | K20: 0 | L20: - | M20: 2 | N20: 0 | O20: 0.05 | P20: 3 | Q20: 3 | R20: 0 | S20: 0 | T20: 0 | U20: 0 | V20: 0 | W20: 0 | X20: 0 | Y20: 0 | Z20: 0 | AA20: 0 | AB20: 2 | AC20: 0 | AD20: 1 | AE20: 5 | AF20: 1 | AG20: 0 | AH20: 0 | AI20: -
A21: 4 | B21: Casey Cizikas | C21: NYI | D21: C | E21: 1 | F21: 10.933333 | G21: 0 | H21: 0 | I21: 0 | J21: 0 | K21: 0 | L21: - | M21: 0 | N21: - | O21: 0 | P21: 0 | Q21: 0 | R21: 0 | S21: 0 | T21: 0 | U21: 0 | V21: 0 | W21: 0 | X21: 0 | Y21: 0 | Z21: 0 | AA21: 0 | AB21: 1 | AC21: 0 | AD21: 1 | AE21: 1 | AF21: 0 | AG21: 4 | AH21: 5 | AI21: 44.44
A22: 7 | B22: Charlie Coyle | C22: CBJ | D22: C | E22: 1 | F22: 11.433333 | G22: 1 | H22: 1 | I22: 0 | J22: 1 | K22: 2 | L22: 100 | M22: 1 | N22: 100 | O22: 0.2 | P22: 2 | Q22: 2 | R22: 1 | S22: 1 | T22: 0 | U22: 0 | V22: 0 | W22: 0 | X22: 0 | Y22: 0 | Z22: 0 | AA22: 2 | AB22: 1 | AC22: 1 | AD22: 2 | AE22: 1 | AF22: 0 | AG22: 4 | AH22: 5 | AI22: 44.44
A23: 38 | B23: Christian Dvorak | C23: PHI | D23: C | E23: 1 | F23: 13.85 | G23: 0 | H23: 1 | I23: 1 | J23: 0 | K23: 1 | L23: 33.33 | M23: 2 | N23: 0 | O23: 0.22 | P23: 4 | Q23: 3 | R23: 4 | S23: 0 | T23: 0 | U23: 0 | V23: 2 | W23: 1 | X23: 1 | Y23: 0 | Z23: 0 | AA23: 0 | AB23: 0 | AC23: 0 | AD23: 0 | AE23: 0 | AF23: 2 | AG23: 7 | AH23: 7 | AI23: 50
A24: 2 | B24: Claude Giroux | C24: OTT | D24: R | E24: 1 | F24: 13.666667 | G24: 1 | H24: 0 | I24: 0 | J24: 0 | K24: 1 | L24: 50 | M24: 3 | N24: 33.33 | O24: 0.44 | P24: 4 | Q24: 4 | R24: 3 | S24: 2 | T24: 0 | U24: 0 | V24: 0 | W24: 0 | X24: 0 | Y24: 0 | Z24: 0 | AA24: 0 | AB24: 1 | AC24: 1 | AD24: 0 | AE24: 0 | AF24: 0 | AG24: 4 | AH24: 3 | AI24: 57.14
A25: 94 | B25: Cole Sillinger | C25: CBJ | D25: C | E25: 1 | F25: 11.7 | G25: 0 | H25: 1 | I25: 1 | J25: 0 | K25: 1 | L25: 50 | M25: 1 | N25: 0 | O25: 0.04 | P25: 1 | Q25: 1 | R25: 1 | S25: 0 | T25: 0 | U25: 0 | V25: 2 | W25: 1 | X25: 1 | Y25: 0 | Z25: 0 | AA25: 0 | AB25: 0 | AC25: 0 | AD25: 1 | AE25: 0 | AF25: 0 | AG25: 0 | AH25: 0 | AI25: -
A26: 23 | B26: Damon Severson | C26: CBJ | D26: D | E26: 1 | F26: 17.35 | G26: 0 | H26: 1 | I26: 1 | J26: 0 | K26: 1 | L26: 50 | M26: 2 | N26: 0 | O26: 0.07 | P26: 3 | Q26: 2 | R26: 1 | S26: 0 | T26: 0 | U26: 0 | V26: 0 | W26: 0 | X26: 0 | Y26: 0 | Z26: 0 | AA26: 0 | AB26: 0 | AC26: 0 | AD26: 1 | AE26: 0 | AF26: 0 | AG26: 0 | AH26: 0 | AI26: -
A27: 5 | B27: Dan Vladar | C27: PHI | D27: G | E27: 1 | F27: 45.116667
A28: 6 | B28: David Rittich | C28: NYI | D28: G | E28: 1 | F28: 49.9
A29: 98 | B29: Denton Mateychuk | C29: CBJ | D29: D | E29: 1 | F29: 14.75 | G29: 0 | H29: 0 | I29: 0 | J29: 0 | K29: 0 | L29: - | M29: 2 | N29: 0 | O29: 0.03 | P29: 3 | Q29: 2 | R29: 0 | S29: 0 | T29: 0 | U29: 0 | V29: 0 | W29: 0 | X29: 0 | Y29: 0 | Z29: 0 | AA29: 0 | AB29: 2 | AC29: 1 | AD29: 0 | AE29: 0 | AF29: 0 | AG29: 0 | AH29: 0 | AI29: -
A30: 102 | B30: Denver Barkey | C30: PHI | D30: C | E30: 1 | F30: 11.283333 | G30: 0 | H30: 0 | I30: 0 | J30: 0 | K30: 0 | L30: - | M30: 0 | N30: - | O30: 0 | P30: 0 | Q30: 0 | R30: 0 | S30: 0 | T30: 0 | U30: 0 | V30: 0 | W30: 0 | X30: 0 | Y30: 0 | Z30: 0 | AA30: 0 | AB30: 1 | AC30: 1 | AD30: 1 | AE30: 0 | AF30: 0 | AG30: 0 | AH30: 0 | AI30: -
A31: 79 | B31: Dmitri Voronkov | C31: CBJ | D31: L | E31: 1 | F31: 7.6833333 | G31: 0 | H31: 0 | I31: 0 | J31: 0 | K31: 0 | L31: - | M31: 0 | N31: - | O31: 0 | P31: 0 | Q31: 0 | R31: 0 | S31: 0 | T31: 0 | U31: 0 | V31: 2 | W31: 1 | X31: 1 | Y31: 0 | Z31: 0 | AA31: 0 | AB31: 0 | AC31: 0 | AD31: 1 | AE31: 1 | AF31: 0 | AG31: 0 | AH31: 0 | AI31: -
A32: 61 | B32: Drake Batherson | C32: OTT | D32: R | E32: 1 | F32: 13.516667 | G32: 0 | H32: 1 | I32: 1 | J32: 0 | K32: 1 | L32: 100 | M32: 0 | N32: - | O32: 0 | P32: 0 | Q32: 0 | R32: 0 | S32: 0 | T32: 0 | U32: 0 | V32: 0 | W32: 0 | X32: 0 | Y32: 0 | Z32: 0 | AA32: 1 | AB32: 1 | AC32: 0 | AD32: 1 | AE32: 0 | AF32: 0 | AG32: 0 | AH32: 0 | AI32: -
A33: 71 | B33: Dylan Cozens | C33: OTT | D33: C | E33: 1 | F33: 11.95 | G33: 0 | H33: 0 | I33: 0 | J33: 0 | K33: 0 | L33: - | M33: 0 | N33: - | O33: 0 | P33: 0 | Q33: 0 | R33: 0 | S33: 0 | T33: 0 | U33: 0 | V33: 0 | W33: 0 | X33: 0 | Y33: 0 | Z33: 0 | AA33: 0 | AB33: 0 | AC33: 0 | AD33: 1 | AE33: 0 | AF33: 0 | AG33: 2 | AH33: 5 | AI33: 28.57
A34: 68 | B34: Egor Zamula | C34: CBJ | D34: D | E34: 1 | F34: 13.633333 | G34: 0 | H34: 0 | I34: 0 | J34: 0 | K34: 0 | L34: 0 | M34: 2 | N34: 0 | O34: 0.02 | P34: 4 | Q34: 2 | R34: 0 | S34: 0 | T34: 0 | U34: 0 | V34: 0 | W34: 0 | X34: 0 | Y34: 0 | Z34: 0 | AA34: 0 | AB34: 2 | AC34: 0 | AD34: 1 | AE34: 3 | AF34: 3 | AG34: 0 | AH34: 0 | AI34: -
A35: 3 | B35: Elvis Merzlikins | C35: CBJ | D35: G | E35: 1 | F35: 45.116667
A36: 90 | B36: Emil Heineman | C36: NYI | D36: L | E36: 1 | F36: 13.15 | G36: 1 | H36: 0 | I36: 0 | J36: 0 | K36: 1 | L36: 100 | M36: 3 | N36: 33.33 | O36: 0.16 | P36: 4 | Q36: 3 | R36: 1 | S36: 1 | T36: 0 | U36: 0 | V36: 0 | W36: 0 | X36: 0 | Y36: 0 | Z36: 0 | AA36: 0 | AB36: 0 | AC36: 0 | AD36: 4 | AE36: 1 | AF36: 0 | AG36: 0 | AH36: 0 | AI36: -
A37: 9 | B37: Erik Gudbranson | C37: CBJ | D37: D | E37: 1 | F37: 13.45 | G37: 1 | H37: 0 | I37: 0 | J37: 0 | K37: 1 | L37: 100 | M37: 2 | N37: 50 | O37: 0.03 | P37: 3 | Q37: 3 | R37: 0 | S37: 0 | T37: 0 | U37: 0 | V37: 0 | W37: 0 | X37: 0 | Y37: 0 | Z37: 0 | AA37: 0 | AB37: 1 | AC37: 0 | AD37: 1 | AE37: 3 | AF37: 0 | AG37: 0 | AH37: 0 | AI37: -
A38: 60 | B38: Fabian Zetterlund | C38: OTT | D38: L | E38: 1 | F38: 8.9833333 | G38: 0 | H38: 0 | I38: 0 | J38: 0 | K38: 0 | L38: 0 | M38: 1 | N38: 0 | O38: 0.07 | P38: 1 | Q38: 1 | R38: 1 | S38: 0 | T38: 0 | U38: 0 | V38: 0 | W38: 0 | X38: 0 | Y38: 0 | Z38: 0 | AA38: 0 | AB38: 0 | AC38: 1 | AD38: 1 | AE38: 3 | AF38: 0 | AG38: 0 | AH38: 0 | AI38: -
A39: 105 | B39: Gabe Perreault | C39: NYR | D39: R | E39: 1 | F39: 15.466667 | G39: 0 | H39: 0 | I39: 0 | J39: 0 | K39: 0 | L39: - | M39: 1 | N39: 0 | O39: 0.45 | P39: 3 | Q39: 2 | R39: 3 | S39: 2 | T39: 0 | U39: 1 | V39: 0 | W39: 0 | X39: 0 | Y39: 0 | Z39: 0 | AA39: 0 | AB39: 1 | AC39: 1 | AD39: 0 | AE39: 1 | AF39: 1 | AG39: 0 | AH39: 0 | AI39: -
A40: 103 | B40: Gavin Brindley | C40: COL | D40: C | E40: 1 | F40: 8.7166667 | G40: 0 | H40: 0 | I40: 0 | J40: 0 | K40: 0 | L40: - | M40: 1 | N40: 0 | O40: 0.03 | P40: 2 | Q40: 1 | R40: 1 | S40: 0 | T40: 0 | U40: 0 | V40: 0 | W40: 0 | X40: 0 | Y40: 0 | Z40: 0 | AA40: 0 | AB40: 0 | AC40: 0 | AD40: 1 | AE40: 2 | AF40: 0 | AG40: 0 | AH40: 0 | AI40: -
A41: 65 | B41: Isac Lundeström | C41: CBJ | D41: C | E41: 1 | F41: 7.2833333 | G41: 0 | H41: 0 | I41: 0 | J41: 0 | K41: 0 | L41: - | M41: 1 | N41: 0 | O41: 0.05 | P41: 1 | Q41: 1 | R41: 1 | S41: 0 | T41: 1 | U41: 0 | V41: 0 | W41: 0 | X41: 0 | Y41: 0 | Z41: 0 | AA41: 0 | AB41: 0 | AC41: 0 | AD41: 1 | AE41: 0 | AF41: 0 | AG41: 6 | AH41: 2 | AI41: 75
A42: 46 | B42: Ivan Provorov | C42: CBJ | D42: D | E42: 1 | F42: 15.083333 | G42: 0 | H42: 0 | I42: 0 | J42: 0 | K42: 0 | L42: - | M42: 4 | N42: 0 | O42: 0.05 | P42: 5 | Q42: 4 | R42: 1 | S42: 0 | T42: 0 | U42: 0 | V42: 0 | W42: 0 | X42: 0 | Y42: 0 | Z42: 0 | AA42: 0 | AB42: 0 | AC42: 1 | AD42: 0 | AE42: 1 | AF42: 0 | AG42: 0 | AH42: 0 | AI42: -
A43: 21 | B43: J.T. Miller | C43: NYR | D43: C | E43: 1 | F43: 16.066667 | G43: 0 | H43: 0 | I43: 0 | J43: 0 | K43: 0 | L43: - | M43: 0 | N43: - | O43: 0.08 | P43: 2 | Q43: 1 | R43: 1 | S43: 0 | T43: 0 | U43: 0 | V43: 0 | W43: 0 | X43: 0 | Y43: 0 | Z43: 0 | AA43: 0 | AB43: 2 | AC43: 0 | AD43: 6 | AE43: 0 | AF43: 0 | AG43: 2 | AH43: 4 | AI43: 33.33
A44: 66 | B44: Jack Drury | C44: COL | D44: C | E44: 1 | F44: 13.35 | G44: 0 | H44: 1 | I44: 1 | J44: 0 | K44: 1 | L44: 50 | M44: 0 | N44: - | O44: 0 | P44: 1 | Q44: 0 | R44: 0 | S44: 0 | T44: 0 | U44: 0 | V44: 0 | W44: 0 | X44: 0 | Y44: 0 | Z44: 0 | AA44: 0 | AB44: 0 | AC44: 0 | AD44: 2 | AE44: 1 | AF44: 0 | AG44: 11 | AH44: 5 | AI44: 68.75
A45: 83 | B45: Jake Sanderson | C45: OTT | D45: D | E45: 1 | F45: 20.333333 | G45: 0 | H45: 0 | I45: 0 | J45: 0 | K45: 0 | L45: 0 | M45: 1 | N45: 0 | O45: 0.01 | P45: 2 | Q45: 1 | R45: 1 | S45: 0 | T45: 0 | U45: 0 | V45: 0 | W45: 0 | X45: 0 | Y45: 0 | Z45: 0 | AA45: 0 | AB45: 3 | AC45: 0 | AD45: 4 | AE45: 1 | AF45: 2 | AG45: 0 | AH45: 0 | AI45: -
A46: 1 | B46: James Reimer | C46: OTT | D46: G | E46: 1 | F46: 51.683333
A47: 86 | B47: Jamie Drysdale | C47: PHI | D47: D | E47: 1 | F47: 19.083333 | G47: 0 | H47: 1 | I47: 0 | J47: 1 | K47: 1 | L47: 50 | M47: 2 | N47: 0 | O47: 0.05 | P47: 2 | Q47: 2 | R47: 0 | S47: 0 | T47: 0 | U47: 0 | V47: 0 | W47: 0 | X47: 0 | Y47: 0 | Z47: 0 | AA47: 1 | AB47: 0 | AC47: 0 | AD47: 0 | AE47: 1 | AF47: 0 | AG47: 0 | AH47: 0 | AI47: -
A48: 16 | B48: Jean-Gabriel Pageau | C48: NYI | D48: C | E48: 1 | F48: 12.05 | G48: 1 | H48: 1 | I48: 0 | J48: 1 | K48: 2 | L48: 100 | M48: 3 | N48: 33.33 | O48: 0.5 | P48: 3 | Q48: 3 | R48: 2 | S48: 2 | T48: 0 | U48: 1 | V48: 0 | W48: 0 | X48: 0 | Y48: 0 | Z48: 0 | AA48: 0 | AB48: 0 | AC48: 0 | AD48: 2 | AE48: 3 | AF48: 1 | AG48: 6 | AH48: 3 | AI48: 66.67
A49: 78 | B49: Joel Kiviranta | C49: COL | D49: L | E49: 1 | F49: 9.8833333 | G49: 0 | H49: 0 | I49: 0 | J49: 0 | K49: 0 | L49: 0 | M49: 0 | N49: - | O49: 0 | P49: 0 | Q49: 0 | R49: 0 | S49: 0 | T49: 0 | U49: 0 | V49: 0 | W49: 0 | X49: 0 | Y49: 0 | Z49: 0 | AA49: 0 | AB49: 1 | AC49: 1 | AD49: 0 | AE49: 4 | AF49: 1 | AG49: 0 | AH49: 0 | AI49: -
A50: 30 | B50: Jonathan Drouin | C50: NYI | D50: L | E50: 1 | F50: 14.083333 | G50: 0 | H50: 0 | I50: 0 | J50: 0 | K50: 0 | L50: - | M50: 1 | N50: 0 | O50: 0.04 | P50: 1 | Q50: 1 | R50: 1 | S50: 0 | T50: 0 | U50: 0 | V50: 2 | W50: 1 | X50: 1 | Y50: 0 | Z50: 0 | AA50: 0 | AB50: 1 | AC50: 0 | AD50: 0 | AE50: 0 | AF50: 0 | AG50: 3 | AH50: 2 | AI50: 60
A51: 25 | B51: Jonny Brodzinski | C51: NYR | D51: C | E51: 1 | F51: 9.5333333 | G51: 0 | H51: 0 | I51: 0 | J51: 0 | K51: 0 | L51: - | M51: 0 | N51: - | O51: 0.08 | P51: 1 | Q51: 1 | R51: 1 | S51: 1 | T51: 0 | U51: 0 | V51: 0 | W51: 0 | X51: 0 | Y51: 0 | Z51: 0 | AA51: 0 | AB51: 0 | AC51: 0 | AD51: 0 | AE51: 1 | AF51: 1 | AG51: 1 | AH51: 0 | AI51: 100
A52: 77 | B52: Jordan Spence | C52: OTT | D52: D | E52: 1 | F52: 15.1 | G52: 0 | H52: 1 | I52: 0 | J52: 1 | K52: 1 | L52: 50 | M52: 0 | N52: - | O52: 0.02 | P52: 2 | Q52: 1 | R52: 0 | S52: 0 | T52: 0 | U52: 0 | V52: 0 | W52: 0 | X52: 0 | Y52: 0 | Z52: 0 | AA52: 0 | AB52: 0 | AC52: 0 | AD52: 3 | AE52: 1 | AF52: 2 | AG52: 0 | AH52: 0 | AI52: -
A53: 12 | B53: Josh Manson | C53: COL | D53: D | E53: 1 | F53: 17.9 | G53: 0 | H53: 0 | I53: 0 | J53: 0 | K53: 0 | L53: 0 | M53: 1 | N53: 0 | O53: 0.08 | P53: 4 | Q53: 4 | R53: 0 | S53: 0 | T53: 0 | U53: 0 | V53: 0 | W53: 0 | X53: 0 | Y53: 0 | Z53: 0 | AA53: 0 | AB53: 0 | AC53: 0 | AD53: 4 | AE53: 3 | AF53: 0 | AG53: 0 | AH53: 0 | AI53: -
A54: 52 | B54: Keaton Middleton | C54: COL | D54: D | E54: 1 | F54: 9.7166667 | G54: 0 | H54: 1 | I54: 0 | J54: 1 | K54: 1 | L54: 100 | M54: 0 | N54: - | O54: 0 | P54: 0 | Q54: 0 | R54: 0 | S54: 0 | T54: 0 | U54: 0 | V54: 0 | W54: 0 | X54: 0 | Y54: 0 | Z54: 0 | AA54: 0 | AB54: 0 | AC54: 0 | AD54: 2 | AE54: 1 | AF54: 0 | AG54: 0 | AH54: 0 | AI54: -
A55: 91 | B55: Kent Johnson | C55: CBJ | D55: C | E55: 1 | F55: 11.6 | G55: 0 | H55: 1 | I55: 0 | J55: 1 | K55: 1 | L55: 100 | M55: 2 | N55: 0 | O55: 0.13 | P55: 3 | Q55: 3 | R55: 1 | S55: 1 | T55: 0 | U55: 0 | V55: 2 | W55: 1 | X55: 1 | Y55: 0 | Z55: 0 | AA55: 0 | AB55: 0 | AC55: 0 | AD55: 1 | AE55: 1 | AF55: 0 | AG55: 0 | AH55: 0 | AI55: -
A56: 67 | B56: Kirill Marchenko | C56: CBJ | D56: R | E56: 1 | F56: 13.583333 | G56: 0 | H56: 0 | I56: 0 | J56: 0 | K56: 0 | L56: - | M56: 1 | N56: 0 | O56: 0.05 | P56: 2 | Q56: 1 | R56: 2 | S56: 0 | T56: 0 | U56: 0 | V56: 0 | W56: 0 | X56: 0 | Y56: 0 | Z56: 0 | AA56: 0 | AB56: 1 | AC56: 1 | AD56: 0 | AE56: 2 | AF56: 0 | AG56: 0 | AH56: 0 | AI56: -
A57: 69 | B57: Kyle MacLean | C57: NYI | D57: C | E57: 1 | F57: 11.566667 | G57: 0 | H57: 1 | I57: 0 | J57: 1 | K57: 1 | L57: 100 | M57: 0 | N57: - | O57: 0 | P57: 0 | Q57: 0 | R57: 0 | S57: 0 | T57: 0 | U57: 0 | V57: 0 | W57: 0 | X57: 0 | Y57: 0 | Z57: 0 | AA57: 1 | AB57: 0 | AC57: 0 | AD57: 2 | AE57: 0 | AF57: 1 | AG57: 0 | AH57: 1 | AI57: 0
A58: 49 | B58: Lane Pederson | C58: PHI | D58: C | E58: 1 | F58: 6.7 | G58: 0 | H58: 0 | I58: 0 | J58: 0 | K58: 0 | L58: - | M58: 0 | N58: - | O58: 0 | P58: 0 | Q58: 0 | R58: 0 | S58: 0 | T58: 0 | U58: 0 | V58: 0 | W58: 0 | X58: 0 | Y58: 0 | Z58: 0 | AA58: 0 | AB58: 0 | AC58: 0 | AD58: 2 | AE58: 0 | AF58: 1 | AG58: 1 | AH58: 3 | AI58: 25
A59: 3 | B59: Lars Eller | C59: OTT | D59: C | E59: 1 | F59: 8.2333333 | G59: 0 | H59: 0 | I59: 0 | J59: 0 | K59: 0 | L59: 0 | M59: 1 | N59: 0 | O59: 0.29 | P59: 1 | Q59: 1 | R59: 1 | S59: 1 | T59: 0 | U59: 0 | V59: 0 | W59: 0 | X59: 0 | Y59: 0 | Z59: 0 | AA59: 0 | AB59: 1 | AC59: 0 | AD59: 0 | AE59: 1 | AF59: 0 | AG59: 4 | AH59: 4 | AI59: 50
A60: 4 | B60: Mackenzie Blackwood | C60: COL | D60: G | E60: 1 | F60: 51.683333
A61: 99 | B61: Marc Gatcomb | C61: NYI | D61: C | E61: 1 | F61: 10.416667 | G61: 0 | H61: 1 | I61: 1 | J61: 0 | K61: 1 | L61: 100 | M61: 1 | N61: 0 | O61: 0.13 | P61: 4 | Q61: 1 | R61: 3 | S61: 2 | T61: 0 | U61: 1 | V61: 0 | W61: 0 | X61: 0 | Y61: 0 | Z61: 0 | AA61: 1 | AB61: 0 | AC61: 0 | AD61: 3 | AE61: 0 | AF61: 1 | AG61: 0 | AH61: 0 | AI61: -
A62: 58 | B62: Martin Necas | C62: COL | D62: C | E62: 1 | F62: 20.633333 | G62: 0 | H62: 0 | I62: 0 | J62: 0 | K62: 0 | L62: - | M62: 0 | N62: - | O62: 0.03 | P62: 2 | Q62: 1 | R62: 1 | S62: 0 | T62: 0 | U62: 0 | V62: 0 | W62: 0 | X62: 0 | Y62: 0 | Z62: 0 | AA62: 0 | AB62: 3 | AC62: 0 | AD62: 3 | AE62: 1 | AF62: 0 | AG62: 0 | AH62: 0 | AI62: -
A63: 50 | B63: Mason Marchment | C63: CBJ | D63: L | E63: 1 | F63: 13.75 | G63: 0 | H63: 0 | I63: 0 | J63: 0 | K63: 0 | L63: - | M63: 0 | N63: - | O63: 0.04 | P63: 2 | Q63: 1 | R63: 0 | S63: 0 | T63: 0 | U63: 0 | V63: 0 | W63: 0 | X63: 0 | Y63: 0 | Z63: 0 | AA63: 0 | AB63: 0 | AC63: 0 | AD63: 0 | AE63: 1 | AF63: 0 | AG63: 0 | AH63: 0 | AI63: -
A64: 42 | B64: Mathew Barzal | C64: NYI | D64: C | E64: 1 | F64: 13.983333 | G64: 0 | H64: 0 | I64: 0 | J64: 0 | K64: 0 | L64: - | M64: 3 | N64: 0 | O64: 0.41 | P64: 3 | Q64: 3 | R64: 2 | S64: 2 | T64: 0 | U64: 1 | V64: 0 | W64: 0 | X64: 0 | Y64: 0 | Z64: 0 | AA64: 2 | AB64: 0 | AC64: 0 | AD64: 0 | AE64: 0 | AF64: 3 | AG64: 3 | AH64: 4 | AI64: 42.86
A65: 55 | B65: Mathieu Olivier | C65: CBJ | D65: R | E65: 1 | F65: 11.883333 | G65: 0 | H65: 1 | I65: 1 | J65: 0 | K65: 1 | L65: 50 | M65: 1 | N65: 0 | O65: 0.05 | P65: 4 | Q65: 1 | R65: 3 | S65: 3 | T65: 0 | U65: 1 | V65: 0 | W65: 0 | X65: 0 | Y65: 0 | Z65: 0 | AA65: 0 | AB65: 0 | AC65: 0 | AD65: 3 | AE65: 0 | AF65: 0 | AG65: 0 | AH65: 0 | AI65: -
A66: 89 | B66: Matt Rempe | C66: NYR | D66: C | E66: 1 | F66: 9.05 | G66: 0 | H66: 0 | I66: 0 | J66: 0 | K66: 0 | L66: - | M66: 0 | N66: - | O66: 0 | P66: 0 | Q66: 0 | R66: 0 | S66: 0 | T66: 0 | U66: 0 | V66: 2 | W66: 1 | X66: 1 | Y66: 0 | Z66: 0 | AA66: 0 | AB66: 0 | AC66: 0 | AD66: 4 | AE66: 2 | AF66: 0 | AG66: 0 | AH66: 0 | AI66: -
A67: 70 | B67: Matthew Robertson | C67: NYR | D67: D | E67: 1 | F67: 18.8 | G67: 0 | H67: 0 | I67: 0 | J67: 0 | K67: 0 | L67: 0 | M67: 1 | N67: 0 | O67: 0.03 | P67: 2 | Q67: 1 | R67: 0 | S67: 0 | T67: 0 | U67: 0 | V67: 0 | W67: 0 | X67: 0 | Y67: 0 | Z67: 0 | AA67: 0 | AB67: 1 | AC67: 0 | AD67: 1 | AE67: 1 | AF67: 2 | AG67: 0 | AH67: 0 | AI67: -
A68: 108 | B68: Matthew Schaefer | C68: NYI | D68: D | E68: 1 | F68: 20.333333 | G68: 0 | H68: 0 | I68: 0 | J68: 0 | K68: 0 | L68: 0 | M68: 2 | N68: 0 | O68: 0.15 | P68: 4 | Q68: 3 | R68: 2 | S68: 1 | T68: 0 | U68: 1 | V68: 0 | W68: 0 | X68: 0 | Y68: 0 | Z68: 0 | AA68: 0 | AB68: 1 | AC68: 0 | AD68: 2 | AE68: 7 | AF68: 2 | AG68: 0 | AH68: 0 | AI68: -
A69: 107 | B69: Matvei Michkov | C69: PHI | D69: R | E69: 1 | F69: 11.083333 | G69: 0 | H69: 0 | I69: 0 | J69: 0 | K69: 0 | L69: 0 | M69: 2 | N69: 0 | O69: 0.13 | P69: 3 | Q69: 2 | R69: 3 | S69: 2 | T69: 0 | U69: 1 | V69: 0 | W69: 0 | X69: 0 | Y69: 0 | Z69: 0 | AA69: 1 | AB69: 2 | AC69: 0 | AD69: 0 | AE69: 2 | AF69: 2 | AG69: 0 | AH69: 0 | AI69: -
A70: 39 | B70: Michael Amadio | C70: OTT | D70: R | E70: 1 | F70: 18.416667 | G70: 0 | H70: 0 | I70: 0 | J70: 0 | K70: 0 | L70: - | M70: 0 | N70: - | O70: 0 | P70: 0 | Q70: 0 | R70: 0 | S70: 0 | T70: 0 | U70: 0 | V70: 0 | W70: 0 | X70: 0 | Y70: 0 | Z70: 0 | AA70: 0 | AB70: 2 | AC70: 1 | AD70: 1 | AE70: 0 | AF70: 2 | AG70: 0 | AH70: 0 | AI70: -
A71: 19 | B71: Mika Zibanejad | C71: NYR | D71: C | E71: 1 | F71: 16.1 | G71: 0 | H71: 0 | I71: 0 | J71: 0 | K71: 0 | L71: - | M71: 1 | N71: 0 | O71: 0.28 | P71: 3 | Q71: 2 | R71: 2 | S71: 1 | T71: 0 | U71: 0 | V71: 0 | W71: 0 | X71: 0 | Y71: 0 | Z71: 0 | AA71: 0 | AB71: 1 | AC71: 1 | AD71: 0 | AE71: 0 | AF71: 0 | AG71: 5 | AH71: 6 | AI71: 45.45
A72: 27 | B72: Miles Wood | C72: CBJ | D72: L | E72: 1 | F72: 7.5 | G72: 0 | H72: 0 | I72: 0 | J72: 0 | K72: 0 | L72: - | M72: 0 | N72: - | O72: 0 | P72: 1 | Q72: 0 | R72: 0 | S72: 0 | T72: 0 | U72: 0 | V72: 0 | W72: 0 | X72: 0 | Y72: 0 | Z72: 0 | AA72: 0 | AB72: 0 | AC72: 0 | AD72: 2 | AE72: 0 | AF72: 1 | AG72: 0 | AH72: 0 | AI72: -
A73: 29 | B73: Nathan MacKinnon | C73: COL | D73: C | E73: 1 | F73: 21.166667 | G73: 0 | H73: 0 | I73: 0 | J73: 0 | K73: 0 | L73: - | M73: 1 | N73: 0 | O73: 0.04 | P73: 2 | Q73: 1 | R73: 1 | S73: 0 | T73: 0 | U73: 0 | V73: 0 | W73: 0 | X73: 0 | Y73: 0 | Z73: 0 | AA73: 0 | AB73: 1 | AC73: 0 | AD73: 0 | AE73: 1 | AF73: 0 | AG73: 9 | AH73: 1 | AI73: 90
A74: 15 | B74: Nick Cousins | C74: OTT | D74: C | E74: 1 | F74: 16.716667 | G74: 1 | H74: 0 | I74: 0 | J74: 0 | K74: 1 | L74: 100 | M74: 3 | N74: 33.33 | O74: 0.37 | P74: 3 | Q74: 3 | R74: 3 | S74: 2 | T74: 0 | U74: 0 | V74: 0 | W74: 0 | X74: 0 | Y74: 0 | Z74: 0 | AA74: 0 | AB74: 1 | AC74: 0 | AD74: 3 | AE74: 3 | AF74: 1 | AG74: 1 | AH74: 0 | AI74: 100
A75: 6 | B75: Nick Jensen | C75: OTT | D75: D | E75: 1 | F75: 16.983333 | G75: 0 | H75: 1 | I75: 0 | J75: 1 | K75: 1 | L75: 100 | M75: 0 | N75: - | O75: 0 | P75: 0 | Q75: 0 | R75: 0 | S75: 0 | T75: 0 | U75: 0 | V75: 0 | W75: 0 | X75: 0 | Y75: 0 | Z75: 0 | AA75: 0 | AB75: 0 | AC75: 0 | AD75: 2 | AE75: 0 | AF75: 0 | AG75: 0 | AH75: 0 | AI75: -
A76: 13 | B76: Nick Seeler | C76: PHI | D76: D | E76: 1 | F76: 17.683333 | G76: 0 | H76: 0 | I76: 0 | J76: 0 | K76: 0 | L76: 0 | M76: 0 | N76: - | O76: 0 | P76: 1 | Q76: 0 | R76: 0 | S76: 0 | T76: 0 | U76: 0 | V76: 0 | W76: 0 | X76: 0 | Y76: 0 | Z76: 0 | AA76: 0 | AB76: 0 | AC76: 0 | AD76: 1 | AE76: 1 | AF76: 1 | AG76: 0 | AH76: 0 | AI76: -
A77: 101 | B77: Nikita Grebenkin | C77: PHI | D77: R | E77: 1 | F77: 9.9166667 | G77: 0 | H77: 0 | I77: 0 | J77: 0 | K77: 0 | L77: - | M77: 0 | N77: - | O77: 0 | P77: 0 | Q77: 0 | R77: 0 | S77: 0 | T77: 0 | U77: 0 | V77: 0 | W77: 0 | X77: 0 | Y77: 0 | Z77: 0 | AA77: 0 | AB77: 1 | AC77: 0 | AD77: 0 | AE77: 2 | AF77: 1 | AG77: 0 | AH77: 0 | AI77: -
A78: 62 | B78: Noah Cates | C78: PHI | D78: L | E78: 1 | F78: 11.15 | G78: 0 | H78: 0 | I78: 0 | J78: 0 | K78: 0 | L78: - | M78: 0 | N78: - | O78: 0.1 | P78: 1 | Q78: 1 | R78: 1 | S78: 1 | T78: 0 | U78: 0 | V78: 0 | W78: 0 | X78: 0 | Y78: 0 | Z78: 0 | AA78: 0 | AB78: 0 | AC78: 1 | AD78: 3 | AE78: 1 | AF78: 1 | AG78: 2 | AH78: 6 | AI78: 25
A79: 43 | B79: Noah Juulsen | C79: PHI | D79: D | E79: 1 | F79: 13.55 | G79: 0 | H79: 1 | I79: 0 | J79: 1 | K79: 1 | L79: 100 | M79: 0 | N79: - | O79: 0 | P79: 1 | Q79: 0 | R79: 0 | S79: 0 | T79: 0 | U79: 1 | V79: 0 | W79: 0 | X79: 0 | Y79: 0 | Z79: 0 | AA79: 0 | AB79: 0 | AC79: 1 | AD79: 0 | AE79: 3 | AF79: 0 | AG79: 0 | AH79: 0 | AI79: -
A80: 100 | B80: Noah Laba | C80: NYR | D80: C | E80: 1 | F80: 13.15 | G80: 0 | H80: 1 | I80: 1 | J80: 0 | K80: 1 | L80: 100 | M80: 0 | N80: - | O80: 0.11 | P80: 1 | Q80: 1 | R80: 1 | S80: 1 | T80: 0 | U80: 0 | V80: 0 | W80: 0 | X80: 0 | Y80: 0 | Z80: 0 | AA80: 0 | AB80: 0 | AC80: 0 | AD80: 4 | AE80: 0 | AF80: 0 | AG80: 1 | AH80: 6 | AI80: 14.29
A81: 11 | B81: Ondrej Palat | C81: NYI | D81: L | E81: 1 | F81: 11.416667 | G81: 0 | H81: 1 | I81: 0 | J81: 1 | K81: 1 | L81: 100 | M81: 0 | N81: - | O81: 0 | P81: 0 | Q81: 0 | R81: 0 | S81: 0 | T81: 0 | U81: 0 | V81: 0 | W81: 0 | X81: 0 | Y81: 0 | Z81: 0 | AA81: 0 | AB81: 0 | AC81: 0 | AD81: 2 | AE81: 1 | AF81: 1 | AG81: 0 | AH81: 0 | AI81: -
A82: 57 | B82: Owen Tippett | C82: PHI | D82: R | E82: 1 | F82: 11.916667 | G82: 0 | H82: 0 | I82: 0 | J82: 0 | K82: 0 | L82: - | M82: 1 | N82: 0 | O82: 0.04 | P82: 2 | Q82: 1 | R82: 1 | S82: 0 | T82: 0 | U82: 1 | V82: 0 | W82: 0 | X82: 0 | Y82: 0 | Z82: 0 | AA82: 0 | AB82: 0 | AC82: 0 | AD82: 0 | AE82: 1 | AF82: 1 | AG82: 0 | AH82: 0 | AI82: -
A83: 63 | B83: Parker Kelly | C83: COL | D83: C | E83: 1 | F83: 10.833333 | G83: 1 | H83: 0 | I83: 0 | J83: 0 | K83: 1 | L83: 100 | M83: 1 | N83: 100 | O83: 0.18 | P83: 3 | Q83: 2 | R83: 2 | S83: 1 | T83: 0 | U83: 0 | V83: 0 | W83: 0 | X83: 0 | Y83: 0 | Z83: 0 | AA83: 0 | AB83: 1 | AC83: 0 | AD83: 2 | AE83: 3 | AF83: 1 | AG83: 0 | AH83: 2 | AI83: 0
A84: 32 | B84: Rasmus Ristolainen | C84: PHI | D84: D | E84: 1 | F84: 1.0166667 | G84: 0 | H84: 0 | I84: 0 | J84: 0 | K84: 0 | L84: - | M84: 0 | N84: - | O84: 0 | P84: 0 | Q84: 0 | R84: 0 | S84: 0 | T84: 0 | U84: 0 | V84: 0 | W84: 0 | X84: 0 | Y84: 0 | Z84: 0 | AA84: 0 | AB84: 0 | AC84: 0 | AD84: 0 | AE84: 0 | AF84: 0 | AG84: 0 | AH84: 0 | AI84: -
A85: 81 | B85: Ridly Greig | C85: OTT | D85: C | E85: 1 | F85: 14.583333 | G85: 1 | H85: 0 | I85: 0 | J85: 0 | K85: 1 | L85: 100 | M85: 1 | N85: 100 | O85: 0.14 | P85: 2 | Q85: 2 | R85: 2 | S85: 1 | T85: 0 | U85: 0 | V85: 0 | W85: 0 | X85: 0 | Y85: 0 | Z85: 0 | AA85: 0 | AB85: 1 | AC85: 0 | AD85: 1 | AE85: 1 | AF85: 0 | AG85: 1 | AH85: 3 | AI85: 25
A86: 35 | B86: Ryan Pulock | C86: NYI | D86: D | E86: 1 | F86: 16.95 | G86: 0 | H86: 0 | I86: 0 | J86: 0 | K86: 0 | L86: 0 | M86: 1 | N86: 0 | O86: 0.04 | P86: 2 | Q86: 2 | R86: 1 | S86: 0 | T86: 1 | U86: 1 | V86: 0 | W86: 0 | X86: 0 | Y86: 0 | Z86: 0 | AA86: 0 | AB86: 3 | AC86: 0 | AD86: 0 | AE86: 2 | AF86: 0 | AG86: 0 | AH86: 0 | AI86: -
A87: 10 | B87: Sam Carrick | C87: NYR | D87: C | E87: 1 | F87: 9.2 | G87: 0 | H87: 0 | I87: 0 | J87: 0 | K87: 0 | L87: - | M87: 1 | N87: 0 | O87: 0 | P87: 2 | Q87: 1 | R87: 0 | S87: 0 | T87: 0 | U87: 0 | V87: 4 | W87: 2 | X87: 2 | Y87: 0 | Z87: 0 | AA87: 0 | AB87: 1 | AC87: 0 | AD87: 2 | AE87: 3 | AF87: 0 | AG87: 4 | AH87: 1 | AI87: 80
A88: 106 | B88: Sam Malinski | C88: COL | D88: D | E88: 1 | F88: 20.266667 | G88: 0 | H88: 0 | I88: 0 | J88: 0 | K88: 0 | L88: - | M88: 2 | N88: 0 | O88: 0.09 | P88: 4 | Q88: 3 | R88: 2 | S88: 0 | T88: 0 | U88: 0 | V88: 2 | W88: 1 | X88: 1 | Y88: 0 | Z88: 0 | AA88: 0 | AB88: 2 | AC88: 0 | AD88: 1 | AE88: 2 | AF88: 1 | AG88: 0 | AH88: 0 | AI88: -
A89: 54 | B89: Samuel Girard | C89: COL | D89: D | E89: 1 | F89: 14.733333 | G89: 0 | H89: 0 | I89: 0 | J89: 0 | K89: 0 | L89: 0 | M89: 0 | N89: - | O89: 0 | P89: 1 | Q89: 0 | R89: 0 | S89: 0 | T89: 0 | U89: 0 | V89: 0 | W89: 0 | X89: 0 | Y89: 0 | Z89: 0 | AA89: 0 | AB89: 0 | AC89: 0 | AD89: 0 | AE89: 2 | AF89: 0 | AG89: 0 | AH89: 0 | AI89: -
A90: 17 | B90: Scott Mayfield | C90: NYI | D90: D | E90: 1 | F90: 14.75 | G90: 0 | H90: 0 | I90: 0 | J90: 0 | K90: 0 | L90: - | M90: 0 | N90: - | O90: 0.01 | P90: 1 | Q90: 1 | R90: 0 | S90: 0 | T90: 0 | U90: 0 | V90: 0 | W90: 0 | X90: 0 | Y90: 0 | Z90: 0 | AA90: 0 | AB90: 0 | AC90: 0 | AD90: 3 | AE90: 1 | AF90: 1 | AG90: 0 | AH90: 0 | AI90: -
A91: 92 | B91: Scott Morrow | C91: NYR | D91: D | E91: 1 | F91: 12.433333 | G91: 0 | H91: 0 | I91: 0 | J91: 0 | K91: 0 | L91: - | M91: 0 | N91: - | O91: 0.01 | P91: 3 | Q91: 1 | R91: 1 | S91: 0 | T91: 0 | U91: 0 | V91: 0 | W91: 0 | X91: 0 | Y91: 0 | Z91: 0 | AA91: 0 | AB91: 1 | AC91: 0 | AD91: 0 | AE91: 1 | AF91: 0 | AG91: 0 | AH91: 0 | AI91: -
A92: 20 | B92: Sean Couturier | C92: PHI | D92: C | E92: 1 | F92: 12.983333 | G92: 0 | H92: 0 | I92: 0 | J92: 0 | K92: 0 | L92: - | M92: 2 | N92: 0 | O92: 0.32 | P92: 3 | Q92: 3 | R92: 3 | S92: 2 | T92: 0 | U92: 0 | V92: 0 | W92: 0 | X92: 0 | Y92: 0 | Z92: 0 | AA92: 0 | AB92: 1 | AC92: 0 | AD92: 3 | AE92: 0 | AF92: 1 | AG92: 5 | AH92: 9 | AI92: 35.71
A93: 31 | B93: Sean Monahan | C93: CBJ | D93: C | E93: 1 | F93: 12.566667 | G93: 1 | H93: 0 | I93: 0 | J93: 0 | K93: 1 | L93: 100 | M93: 1 | N93: 100 | O93: 0.1 | P93: 1 | Q93: 1 | R93: 1 | S93: 1 | T93: 0 | U93: 0 | V93: 0 | W93: 0 | X93: 0 | Y93: 0 | Z93: 0 | AA93: 0 | AB93: 1 | AC93: 0 | AD93: 0 | AE93: 0 | AF93: 0 | AG93: 5 | AH93: 4 | AI93: 55.56
A94: 75 | B94: Shane Pinto | C94: OTT | D94: C | E94: 1 | F94: 18.966667 | G94: 0 | H94: 0 | I94: 0 | J94: 0 | K94: 0 | L94: - | M94: 0 | N94: - | O94: 0.04 | P94: 1 | Q94: 1 | R94: 0 | S94: 0 | T94: 0 | U94: 0 | V94: 0 | W94: 0 | X94: 0 | Y94: 0 | Z94: 0 | AA94: 0 | AB94: 0 | AC94: 0 | AD94: 1 | AE94: 0 | AF94: 0 | AG94: 1 | AH94: 10 | AI94: 9.09
A95: 76 | B95: Simon Holmstrom | C95: NYI | D95: R | E95: 1 | F95: 12.183333 | G95: 1 | H95: 0 | I95: 0 | J95: 0 | K95: 1 | L95: 100 | M95: 2 | N95: 50 | O95: 0.3 | P95: 4 | Q95: 4 | R95: 4 | S95: 2 | T95: 0 | U95: 0 | V95: 0 | W95: 0 | X95: 0 | Y95: 0 | Z95: 0 | AA95: 0 | AB95: 0 | AC95: 1 | AD95: 0 | AE95: 1 | AF95: 0 | AG95: 0 | AH95: 0 | AI95: -
A96: 2 | B96: Spencer Martin | C96: NYR | D96: G | E96: 1 | F96: 49.9
A97: 97 | B97: Taylor Makar | C97: COL | D97: L | E97: 1 | F97: 5.5 | G97: 0 | H97: 0 | I97: 0 | J97: 0 | K97: 0 | L97: - | M97: 0 | N97: - | O97: 0 | P97: 0 | Q97: 0 | R97: 0 | S97: 0 | T97: 0 | U97: 0 | V97: 2 | W97: 1 | X97: 1 | Y97: 0 | Z97: 0 | AA97: 0 | AB97: 0 | AC97: 0 | AD97: 1 | AE97: 0 | AF97: 0 | AG97: 0 | AH97: 1 | AI97: 0
A98: 53 | B98: Taylor Raddysh | C98: NYR | D98: R | E98: 1 | F98: 13.15 | G98: 1 | H98: 0 | I98: 0 | J98: 0 | K98: 1 | L98: 100 | M98: 1 | N98: 100 | O98: 0.1 | P98: 1 | Q98: 1 | R98: 1 | S98: 1 | T98: 0 | U98: 0 | V98: 0 | W98: 0 | X98: 0 | Y98: 0 | Z98: 0 | AA98: 0 | AB98: 0 | AC98: 1 | AD98: 1 | AE98: 0 | AF98: 0 | AG98: 0 | AH98: 1 | AI98: 0
A99: 45 | B99: Thomas Chabot | C99: OTT | D99: D | E99: 1 | F99: 17.466667 | G99: 0 | H99: 0 | I99: 0 | J99: 0 | K99: 0 | L99: - | M99: 1 | N99: 0 | O99: 0.09 | P99: 2 | Q99: 1 | R99: 2 | S99: 0 | T99: 0 | U99: 1 | V99: 0 | W99: 0 | X99: 0 | Y99: 0 | Z99: 0 | AA99: 1 | AB99: 0 | AC99: 1 | AD99: 1 | AE99: 2 | AF99: 2 | AG99: 0 | AH99: 0 | AI99: -
A100: 85 | B100: Tim Stuetzle | C100: OTT | D100: C | E100: 1 | F100: 13.283333 | G100: 0 | H100: 1 | I100: 0 | J100: 1 | K100: 1 | L100: 50 | M100: 1 | N100: 0 | O100: 0.07 | P100: 2 | Q100: 1 | R100: 2 | S100: 0 | T100: 0 | U100: 1 | V100: 0 | W100: 0 | X100: 0 | Y100: 0 | Z100: 0 | AA100: 0 | AB100: 0 | AC100: 1 | AD100: 1 | AE100: 1 | AF100: 0 | AG100: 0 | AH100: 1 | AI100: 0
...

Sheet FC
A1: Player | B1: Inj | C1: Likes | D1: Pos | E1: Salary | F1: Team | G1: Opp | H1: Time | I1: Fav. | J1: Win % | K1: Spread | L1: Total | M1: TeamGoal | N1: OppGoal | O1: Start/Line | P1: PP Unit | Q1: avg TOI | R1: Avg | S1: STDV | T1: Ceiling | U1: FC Proj | V1: My Proj | W1: Exp. | X1: Used | Y1: Con. | Z1: Value | AA1: Own% | AB1: TOI | AC1: Score | AD1: Val
A2: Nathan MacKinnon | C2: 0 | D2: C | E2: 10000 | F2: COL | G2: @ OTT | H2: 0.8125 | I2: Y | J2: 0.495 | K2: -98 | L2: 6.5 | M2: 3.25 | N2: 3.02 | O2: 1 | P2: 1 | Q2: 0.91875 | R2: 21 | S2: 11.37 | T2: 48.31 | U2: 25.57 | V2: 25.57 | W2: 100 | Y2: 73 | Z2: 2.6 | AA2: 0 | AB2: 0.98333333 | AC2: 2.8 | AD2: 0.3
A3: Zach Werenski | C3: 0 | D3: D | E3: 8500 | F3: CBJ | G3: vs PHI | H3: 0.8125 | I3: Y | J3: 0.44 | K3: -78.5 | L3: 6.5 | M3: 3.35 | N3: 3.25 | O3: 1 | P3: 1 | Q3: 1.1104167 | R3: 16.1 | S3: 8.71 | T3: 39.47 | U3: 22.05 | V3: 22.05 | W3: 100 | Y3: 73 | Z3: 2.6 | AA3: 0 | AB3: 0.95694444 | AC3: 14.3 | AD3: 1.7
A4: Brock Nelson | C4: 0 | D4: C | E4: 6900 | F4: COL | G4: @ OTT | H4: 0.8125 | I4: Y | J4: 0.495 | K4: -98 | L4: 6.5 | M4: 3.25 | N4: 3.02 | O4: 2 | P4: 1 | Q4: 0.79722222 | R4: 11.6 | S4: 9.08 | T4: 35.95 | U4: 17.79 | V4: 17.79 | W4: 100 | Y4: 61 | Z4: 2.6 | AA4: 0 | AB4: 0.93263889 | AC4: 6.3 | AD4: 0.9
A5: Cale Makar | C5: 0 | D5: D | E5: 8000 | F5: COL | G5: @ OTT | H5: 0.8125 | I5: Y | J5: 0.495 | K5: -98 | L5: 6.5 | M5: 3.25 | N5: 3.02 | O5: 1 | P5: 1 | Q5: 1.0458333 | R5: 14 | S5: 8.69 | T5: 33.1 | U5: 15.72 | V5: 15.72 | W5: 100 | Y5: 69 | Z5: 2 | AA5: 0 | AB5: 1.1402778 | AC5: 12.9 | AD5: 1.6
A6: Bo Horvat | C6: 0 | D6: C | E6: 7600 | F6: NYI | G6: vs NYR | H6: 0.79166667 | I6: Y | J6: 0.458 | K6: -84.5 | L6: 6.5 | M6: 3.5 | N6: 3.25 | O6: 1 | P6: 2 | Q6: 0.84722222 | R6: 12.2 | S6: 7.59 | T6: 31.4 | U6: 16.22 | V6: 16.22 | W6: 100 | Y6: 69 | Z6: 2.1 | AA6: 0 | AB6: 0.71319444 | AC6: 6.5 | AD6: 0.9
A7: Mika Zibanejad | C7: 0 | D7: C | E7: 6600 | F7: NYR | G7: @ NYI | H7: 0.79166667 | I7: N | J7: 0.542 | K7: 84.5 | L7: 6.5 | M7: 3.25 | N7: 3.5 | O7: 1 | P7: 1 | Q7: 0.86458333 | R7: 11.9 | S7: 9.39 | T7: 34.73 | U7: 15.95 | V7: 15.95 | W7: 100 | Y7: 61 | Z7: 2.4 | AA7: 0 | AB7: 0.90208333 | AC7: 11.5 | AD7: 1.7
A8: Brady Tkachuk | C8: 0 | D8: W | E8: 7500 | F8: OTT | G8: vs COL | H8: 0.8125 | I8: N | J8: 0.505 | K8: 98 | L8: 6.5 | M8: 3.02 | N8: 3.25 | O8: 2 | P8: 1 | Q8: 0.72083333 | R8: 13.3 | S8: 9.25 | T8: 33.22 | U8: 14.72 | V8: 14.72 | W8: 100 | Y8: 65 | Z8: 2 | AA8: 0 | AB8: 0.63333333 | AC8: 13 | AD8: 1.7
A9: Martin Necas | C9: 0 | D9: W | E9: 7000 | F9: COL | G9: @ OTT | H9: 0.8125 | I9: Y | J9: 0.495 | K9: -98 | L9: 6.5 | M9: 3.25 | N9: 3.02 | O9: 1 | P9: 1 | Q9: 0.87291667 | R9: 12.2 | S9: 8.41 | T9: 30.57 | U9: 13.75 | V9: 13.75 | W9: 100 | Y9: 66 | Z9: 2 | AA9: 0 | AB9: 0.94236111 | AC9: 0
A10: Kirill Marchenko | C10: 0 | D10: W | E10: 6700 | F10: CBJ | G10: vs PHI | H10: 0.8125 | I10: Y | J10: 0.44 | K10: -78.5 | L10: 6.5 | M10: 3.35 | N10: 3.25 | O10: 1 | P10: 1 | Q10: 0.78333333 | R10: 11.9 | S10: 7.99 | T10: 29.4 | U10: 13.42 | V10: 13.42 | W10: 100 | Y10: 66 | Z10: 2 | AA10: 0 | AB10: 0.74097222 | AC10: 13 | AD10: 1.9
A11: Jake Sanderson | C11: 0 | D11: D | E11: 6300 | F11: OTT | G11: vs COL | H11: 0.8125 | I11: N | J11: 0.505 | K11: 98 | L11: 6.5 | M11: 3.02 | N11: 3.25 | O11: 1 | P11: 1 | Q11: 1.0354167 | R11: 11.7 | S11: 7.83 | T11: 30 | U11: 14.34 | V11: 14.34 | W11: 100 | Y11: 67 | Z11: 2.3 | AA11: 0 | AB11: 1.0298611 | AC11: 9.1 | AD11: 1.4
A12: Tim Stuetzle | C12: 0 | D12: C | E12: 6800 | F12: OTT | G12: vs COL | H12: 0.8125 | I12: N | J12: 0.505 | K12: 98 | L12: 6.5 | M12: 3.02 | N12: 3.25 | O12: 1 | P12: 1 | Q12: 0.85208333 | R12: 11.6 | S12: 8.67 | T12: 30.53 | U12: 13.19 | V12: 13.19 | W12: 100 | Y12: 63 | Z12: 1.9 | AA12: 0 | AB12: 0.76944444 | AC12: 18 | AD12: 2.6
A13: MacKenzie Blackwood | C13: 0 | D13: G | E13: 8300 | F13: COL | G13: @ OTT | H13: 0.8125 | I13: Y | J13: 0.495 | K13: -98 | L13: 6.5 | M13: 3.25 | N13: 3.02 | O13: confirm | Q13: 2.4236111 | R13: 14.4 | S13: 10.58 | T13: 32.51 | U13: 11.35 | V13: 11.35 | W13: 100 | Y13: 63 | Z13: 1.4 | AA13: 0 | AB13: 2.4034722 | AC13: 2.1 | AD13: 0.3
A14: Mathew Barzal | C14: 0 | D14: C | E14: 6500 | F14: NYI | G14: vs NYR | H14: 0.79166667 | I14: Y | J14: 0.458 | K14: -84.5 | L14: 6.5 | M14: 3.5 | N14: 3.25 | O14: 2 | P14: 1 | Q14: 0.86111111 | R14: 9.4 | S14: 6.09 | T14: 24.2 | U14: 12.02 | V14: 12.02 | W14: 100 | Y14: 68 | Z14: 1.8 | AA14: 0 | AB14: 0.83958333 | AC14: 25.9 | AD14: 4
A15: Adam Fantilli | C15: 0 | D15: C | E15: 6100 | F15: CBJ | G15: vs PHI | H15: 0.8125 | I15: Y | J15: 0.44 | K15: -78.5 | L15: 6.5 | M15: 3.35 | N15: 3.25 | O15: 1 | P15: 1 | Q15: 0.78194444 | R15: 9.6 | S15: 7.06 | T15: 25.82 | U15: 11.7 | V15: 11.7 | W15: 100 | Y15: 63 | Z15: 1.9 | AA15: 0 | AB15: 0.71458333 | AC15: 11 | AD15: 1.8
A16: Matthew Schaefer | C16: 0 | D16: D | E16: 6000 | F16: NYI | G16: vs NYR | H16: 0.79166667 | I16: Y | J16: 0.458 | K16: -84.5 | L16: 6.5 | M16: 3.5 | N16: 3.25 | O16: 1 | P16: 2 | Q16: 0.99444444 | R16: 9.6 | S16: 6.36 | T16: 24.82 | U16: 12.1 | V16: 12.1 | W16: 100 | Y16: 67 | Z16: 2 | AA16: 0 | AB16: 1.025 | AC16: 16.4 | AD16: 2.7
A17: Travis Konecny | C17: 0 | D17: W | E17: 5500 | F17: PHI | G17: @ CBJ | H17: 0.8125 | I17: N | J17: 0.56 | K17: 78.5 | L17: 6.5 | M17: 3.25 | N17: 3.35 | O17: 1 | P17: 1 | Q17: 0.78194444 | R17: 10.4 | S17: 7.17 | T17: 26.97 | U17: 12.63 | V17: 12.63 | W17: 100 | Y17: 66 | Z17: 2.3 | AA17: 0 | AB17: 0.89583333 | AC17: 37.3 | AD17: 6.8
A18: Owen Tippett | C18: 0 | D18: W | E18: 4900 | F18: PHI | G18: @ CBJ | H18: 0.8125 | I18: N | J18: 0.56 | K18: 78.5 | L18: 6.5 | M18: 3.25 | N18: 3.35 | O18: 2 | P18: 2 | Q18: 0.68333333 | R18: 9.4 | S18: 9.48 | T18: 31.41 | U18: 12.45 | V18: 12.45 | W18: 100 | Y18: 50 | Z18: 2.5 | AA18: 0 | AB18: 0.75555556 | AC18: 4.3 | AD18: 0.9
A19: David Rittich | C19: 0 | D19: G | E19: 8100 | F19: NYI | G19: vs NYR | H19: 0.79166667 | I19: Y | J19: 0.458 | K19: -84.5 | L19: 6.5 | M19: 3.5 | N19: 3.25 | O19: confirm | Q19: 2.4826389 | R19: 10.5 | S19: 10.17 | T19: 30.45 | U19: 10.11 | V19: 10.11 | W19: 100 | Y19: 52 | Z19: 1.2 | AA19: 0 | AB19: 2.4736111 | AC19: 8.8 | AD19: 1.1
A20: Dan Vladar | C20: 0 | D20: G | E20: 7300 | F20: PHI | G20: @ CBJ | H20: 0.8125 | I20: N | J20: 0.56 | K20: 78.5 | L20: 6.5 | M20: 3.25 | N20: 3.35 | O20: confirm | Q20: 2.4388889 | R20: 11.3 | S20: 7.64 | T20: 25.56 | U20: 10.28 | V20: 10.28 | W20: 100 | Y20: 66 | Z20: 1.4 | AA20: 0 | AB20: 2.3847222 | AC20: 4.2 | AD20: 0.6
A21: J.T. Miller | C21: 0 | D21: W | E21: 5800 | F21: NYR | G21: @ NYI | H21: 0.79166667 | I21: N | J21: 0.542 | K21: 84.5 | L21: 6.5 | M21: 3.25 | N21: 3.5 | O21: 1 | P21: 1 | Q21: 0.85833333 | R21: 9.2 | S21: 7.18 | T21: 25.46 | U21: 11.1 | V21: 11.1 | W21: 100 | Y21: 61 | Z21: 1.9 | AA21: 0 | AB21: 0.82361111 | AC21: 6.5 | AD21: 1.1
A22: Vincent Trocheck | C22: 0 | D22: C | E22: 5600 | F22: NYR | G22: @ NYI | H22: 0.79166667 | I22: N | J22: 0.542 | K22: 84.5 | L22: 6.5 | M22: 3.25 | N22: 3.5 | O22: 2 | P22: 1 | Q22: 0.87569444 | R22: 9 | S22: 6.17 | T22: 23.95 | U22: 11.61 | V22: 11.61 | W22: 100 | Y22: 66 | Z22: 2.1 | AA22: 0 | AB22: 0.65972222 | AC22: 1.3 | AD22: 0.2
A23: Trevor Zegras | C23: 0 | D23: W | E23: 5300 | F23: PHI | G23: @ CBJ | H23: 0.8125 | I23: N | J23: 0.56 | K23: 78.5 | L23: 6.5 | M23: 3.25 | N23: 3.35 | O23: 1 | P23: 1 | Q23: 0.77777778 | R23: 9.7 | S23: 8.4 | T23: 28.08 | U23: 11.28 | V23: 11.28 | W23: 100 | Y23: 57 | Z23: 2.1 | AA23: 0 | AB23: 0.88888889 | AC23: 12 | AD23: 2.3
A24: Dylan Cozens | C24: 0 | D24: C | E24: 5200 | F24: OTT | G24: vs COL | H24: 0.8125 | I24: N | J24: 0.505 | K24: 98 | L24: 6.5 | M24: 3.02 | N24: 3.25 | O24: 2 | P24: 1 | Q24: 0.71458333 | R24: 9.3 | S24: 8.16 | T24: 27.31 | U24: 10.99 | V24: 10.99 | W24: 100 | Y24: 56 | Z24: 2.1 | AA24: 0 | AB24: 0.61388889 | AC24: 1.5 | AD24: 0.3
A25: Valeri Nichushkin | C25: 0 | D25: W | E25: 5100 | F25: COL | G25: @ OTT | H25: 0.8125 | I25: Y | J25: 0.495 | K25: -98 | L25: 6.5 | M25: 3.25 | N25: 3.02 | O25: 2 | P25: 2 | Q25: 0.74236111 | R25: 8.8 | S25: 8.73 | T25: 27.64 | U25: 10.18 | V25: 10.18 | W25: 100 | Y25: 50 | Z25: 2 | AA25: 0 | AB25: 0.66597222 | AC25: 12.8 | AD25: 2.5
A26: Drake Batherson | C26: 0 | D26: W | E26: 5000 | F26: OTT | G26: vs COL | H26: 0.8125 | I26: N | J26: 0.505 | K26: 98 | L26: 6.5 | M26: 3.02 | N26: 3.25 | O26: 1 | P26: 1 | Q26: 0.74305556 | R26: 9.5 | S26: 7.91 | T26: 26.06 | U26: 10.24 | V26: 10.24 | W26: 100 | Y26: 58 | Z26: 2 | AA26: 0 | AB26: 0.67222222 | AC26: 1.5 | AD26: 0.3
A27: Anders Lee | C27: 0 | D27: W | E27: 4800 | F27: NYI | G27: vs NYR | H27: 0.79166667 | I27: Y | J27: 0.458 | K27: -84.5 | L27: 6.5 | M27: 3.5 | N27: 3.25 | O27: 3 | P27: 1 | Q27: 0.64791667 | R27: 8.6 | S27: 7.68 | T27: 26.38 | U27: 11.02 | V27: 11.02 | W27: 100 | Y27: 55 | Z27: 2.3 | AA27: 0 | AB27: 0.65208333 | AC27: 13.1 | AD27: 2.7
A28: Thomas Chabot | C28: 0 | D28: D | E28: 4700 | F28: OTT | G28: vs COL | H28: 0.8125 | I28: N | J28: 0.505 | K28: 98 | L28: 6.5 | M28: 3.02 | N28: 3.25 | O28: 2 | P28: 2 | Q28: 0.91388889 | R28: 9.3 | S28: 5.06 | T28: 20.84 | U28: 10.72 | V28: 10.72 | W28: 100 | Y28: 73 | Z28: 2.3 | AA28: 0 | AB28: 0.89166667 | AC28: 15.6 | AD28: 3.3
A29: Anthony Deangelo | C29: 0 | D29: D | E29: 4500 | F29: NYI | G29: vs NYR | H29: 0.79166667 | I29: Y | J29: 0.458 | K29: -84.5 | L29: 6.5 | M29: 3.5 | N29: 3.25 | O29: 2 | P29: 1 | Q29: 0.76805556 | R29: 7 | S29: 5.94 | T29: 21.99 | U29: 10.11 | V29: 10.11 | W29: 100 | Y29: 58 | Z29: 2.2 | AA29: 0 | AB29: 0.81875 | AC29: 9.5 | AD29: 2.1
A30: Christian Dvorak | C30: 0 | D30: C | E30: 4500 | F30: PHI | G30: @ CBJ | H30: 0.8125 | I30: N | J30: 0.56 | K30: 78.5 | L30: 6.5 | M30: 3.25 | N30: 3.35 | O30: 1 | P30: 1 | Q30: 0.73680556 | R30: 8.3 | S30: 7.15 | T30: 24.67 | U30: 10.37 | V30: 10.37 | W30: 100 | Y30: 57 | Z30: 2.3 | AA30: 0 | AB30: 0.91597222 | AC30: 12.1 | AD30: 2.7
A31: Boone Jenner | C31: 0 | D31: W | E31: 4400 | F31: CBJ | G31: vs PHI | H31: 0.8125 | I31: Y | J31: 0.44 | K31: -78.5 | L31: 6.5 | M31: 3.35 | N31: 3.25 | O31: 2 | P31: 2 | Q31: 0.70347222 | R31: 8.9 | S31: 6.04 | T31: 23.26 | U31: 11.18 | V31: 11.18 | W31: 100 | Y31: 66 | Z31: 2.5 | AA31: 0 | AB31: 0.73958333 | AC31: 2.8 | AD31: 0.6
A32: Brent Burns | C32: 0 | D32: D | E32: 4300 | F32: COL | G32: @ OTT | H32: 0.8125 | I32: Y | J32: 0.495 | K32: -98 | L32: 6.5 | M32: 3.25 | N32: 3.02 | O32: 2 | P32: 2 | Q32: 0.80833333 | R32: 8.4 | S32: 5.22 | T32: 21.01 | U32: 10.57 | V32: 10.57 | W32: 100 | Y32: 69 | Z32: 2.5 | AA32: 0 | AB32: 0.90625 | AC32: 1.5 | AD32: 0.3
... A34: Ivan Provorov | C34: 0 | D34: D | E34: 3900 | F34: CBJ | G34: vs PHI | H34: 0.8125 | I34: Y | J34: 0.44 | K34: -78.5 | L34: 6.5 | M34: 3.35 | N34: 3.25 | O34: 2 | P34: 2 | Q34: 1.0680556 | R34: 8.1 | S34: 5.16 | T34: 21.09 | U34: 10.77 | V34: 10.77 | W34: 100 | Y34: 68 | Z34: 2.8 | AA34: 0 | AB34: 0.93194444 | AC34: 7.3 | AD34: 1.9
A35: Josh Manson | C35: 0 | D35: D | E35: 3800 | F35: COL | G35: @ OTT | H35: 0.8125 | I35: Y | J35: 0.495 | K35: -98 | L35: 6.5 | M35: 3.25 | N35: 3.02 | O35: 2 | Q35: 0.75208333 | R35: 7.3 | S35: 7.49 | T35: 25.99 | U35: 11.01 | V35: 11.01 | W35: 100 | Y35: 49 | Z35: 2.9 | AA35: 0 | AB35: 0.87152778 | AC35: 1.5 | AD35: 0.4
A36: Elvis Merzlikins | C36: 0 | D36: G | E36: 7900 | F36: CBJ | G36: vs PHI | H36: 0.8125 | I36: Y | J36: 0.44 | K36: -78.5 | L36: 6.5 | M36: 3.35 | N36: 3.25 | O36: confirm | Q36: 2.3333333 | R36: 9.1 | S36: 9.73 | T36: 28.66 | U36: 9.2 | V36: 9.2 | W36: 100 | Y36: 47 | Z36: 1.2 | AA36: 0 | AB36: 2.5 | AC36: 11.6 | AD36: 1.5
A37: James Reimer | C37: 0 | D37: G | E37: 7100 | F37: OTT | G37: vs COL | H37: 0.8125 | I37: N | J37: 0.505 | K37: 98 | L37: 6.5 | M37: 3.02 | N37: 3.25 | O37: confirm | Q37: 2.2395833 | R37: 5.5 | S37: 7.14 | T37: 23.66 | U37: 9.38 | V37: 9.38 | W37: 100 | Y37: 35 | Z37: 1.3 | AA37: 0 | AB37: 2.5 | AC37: 10.2 | AD37: 1.4
A38: Artturi Lehkonen | C38: 0 | D38: W | E38: 5400 | F38: COL | G38: @ OTT | H38: 0.8125 | I38: Y | J38: 0.495 | K38: -98 | L38: 6.5 | M38: 3.25 | N38: 3.02 | O38: 2 | P38: 2 | Q38: 0.80208333 | R38: 9.1 | S38: 6.27 | T38: 22.23 | U38: 9.69 | V38: 9.69 | W38: 100 | Y38: 66 | Z38: 1.8 | AA38: 0 | AB38: 0.70208333 | AC38: 0
A39: Mason Marchment | C39: 0 | D39: W | E39: 4600 | F39: CBJ | G39: vs PHI | H39: 0.8125 | I39: Y | J39: 0.44 | K39: -78.5 | L39: 6.5 | M39: 3.35 | N39: 3.25 | O39: 1 | P39: 2 | Q39: 0.71458333 | R39: 7.3 | S39: 8.25 | T39: 26.33 | U39: 9.83 | V39: 9.83 | W39: 100 | Y39: 43 | Z39: 2.1 | AA39: 0 | AB39: 0.69861111 | AC39: 1.5 | AD39: 0.3
A40: Emil Heineman | C40: 0 | D40: W | E40: 4200 | F40: NYI | G40: vs NYR | H40: 0.79166667 | I40: Y | J40: 0.458 | K40: -84.5 | L40: 6.5 | M40: 3.5 | N40: 3.25 | O40: 1 | P40: 2 | Q40: 0.69513889 | R40: 7.9 | S40: 7.03 | T40: 23.15 | U40: 9.09 | V40: 9.09 | W40: 100 | Y40: 56 | Z40: 2.2 | AA40: 0 | AB40: 0.71527778 | AC40: 14.5 | AD40: 3.5
A41: Charlie Coyle | C41: 0 | D41: C | E41: 4100 | F41: CBJ | G41: vs PHI | H41: 0.8125 | I41: Y | J41: 0.44 | K41: -78.5 | L41: 6.5 | M41: 3.35 | N41: 3.25 | O41: 3 | P41: 1 | Q41: 0.73541667 | R41: 7.6 | S41: 8.23 | T41: 26.39 | U41: 9.93 | V41: 9.93 | W41: 100 | Y41: 46 | Z41: 2.4 | AA41: 0 | AB41: 0.77430556 | AC41: 15 | AD41: 3.7
A42: Vladislav Gavrikov | C42: 0 | D42: D | E42: 4200 | F42: NYR | G42: @ NYI | H42: 0.79166667 | I42: N | J42: 0.542 | K42: 84.5 | L42: 6.5 | M42: 3.25 | N42: 3.5 | O42: 1 | P42: 1 | Q42: 0.99583333 | R42: 7.2 | S42: 5.29 | T42: 19.42 | U42: 8.84 | V42: 8.84 | W42: 100 | Y42: 63 | Z42: 2.1 | AA42: 0 | AB42: 1.0305556 | AC42: 9.3 | AD42: 2.2
A43: Sam Malinski | C43: 0 | D43: D | E43: 4100 | F43: COL | G43: @ OTT | H43: 0.8125 | I43: Y | J43: 0.495 | K43: -98 | L43: 6.5 | M43: 3.25 | N43: 3.02 | O43: 1 | P43: 2 | Q43: 0.70833333 | R43: 7.5 | S43: 5.16 | T43: 19.9 | U43: 9.58 | V43: 9.58 | W43: 100 | Y43: 66 | Z43: 2.3 | AA43: 0 | AB43: 0.86944444 | AC43: 4.3 | AD43: 1
A44: Will Cuylle | C44: 0 | D44: W | E44: 4000 | F44: NYR | G44: @ NYI | H44: 0.79166667 | I44: N | J44: 0.542 | K44: 84.5 | L44: 6.5 | M44: 3.25 | N44: 3.5 | O44: 2 | P44: 2 | Q44: 0.71458333 | R44: 7.8 | S44: 6.48 | T44: 22.28 | U44: 9.32 | V44: 9.32 | W44: 100 | Y44: 58 | Z44: 2.3 | AA44: 0 | AB44: 0.59583333 | AC44: 1.5 | AD44: 0.4
A45: Matvei Michkov | C45: 0 | D45: W | E45: 3900 | F45: PHI | G45: @ CBJ | H45: 0.8125 | I45: N | J45: 0.56 | K45: 78.5 | L45: 6.5 | M45: 3.25 | N45: 3.35 | O45: 3 | P45: 2 | Q45: 0.61319444 | R45: 7.1 | S45: 6.26 | T45: 21.61 | U45: 9.09 | V45: 9.09 | W45: 100 | Y45: 56 | Z45: 2.3 | AA45: 0 | AB45: 0.64652778 | AC45: 5.8 | AD45: 1.5
A46: Anthony Duclair | C46: 0 | D46: W | E46: 3800 | F46: NYI | G46: vs NYR | H46: 0.79166667 | I46: Y | J46: 0.458 | K46: -84.5 | L46: 6.5 | M46: 3.5 | N46: 3.25 | O46: 2 | P46: 1 | Q46: 0.56111111 | R46: 6.3 | S46: 7.08 | T46: 23.63 | U46: 9.47 | V46: 9.47 | W46: 100 | Y46: 44 | Z46: 2.5 | AA46: 0 | AB46: 0.69444444 | AC46: 2.8 | AD46: 0.7
A47: Shane Pinto | C47: 0 | D47: C | E47: 4200 | F47: OTT | G47: vs COL | H47: 0.8125 | I47: N | J47: 0.505 | K47: 98 | L47: 6.5 | M47: 3.02 | N47: 3.25 | O47: 3 | Q47: 0.77222222 | R47: 8.9 | S47: 6.7 | T47: 21.43 | U47: 8.03 | V47: 8.03 | W47: 100 | Y47: 62 | Z47: 1.9 | AA47: 0 | AB47: 0.92986111 | AC47: 1.3 | AD47: 0.3
A48: Alexis Lafreniere | C48: 0 | D48: W | E48: 3600 | F48: NYR | G48: @ NYI | H48: 0.79166667 | I48: N | J48: 0.542 | K48: 84.5 | L48: 6.5 | M48: 3.25 | N48: 3.5 | O48: 2 | P48: 1 | Q48: 0.71527778 | R48: 7.1 | S48: 6.38 | T48: 21.41 | U48: 8.65 | V48: 8.65 | W48: 100 | Y48: 55 | Z48: 2.4 | AA48: 0 | AB48: 0.56041667 | AC48: 3 | AD48: 0.8
A49: Denton Mateychuk | C49: 0 | D49: D | E49: 3600 | F49: CBJ | G49: vs PHI | H49: 0.8125 | I49: Y | J49: 0.44 | K49: -78.5 | L49: 6.5 | M49: 3.35 | N49: 3.25 | O49: 2 | P49: 2 | Q49: 0.86597222 | R49: 7.4 | S49: 4.77 | T49: 18.7 | U49: 9.16 | V49: 9.16 | W49: 100 | Y49: 68 | Z49: 2.5 | AA49: 0 | AB49: 0.70625 | AC49: 3 | AD49: 0.8
A50: Travis Sanheim | C50: 0 | D50: D | E50: 3500 | F50: PHI | G50: @ CBJ | H50: 0.8125 | I50: N | J50: 0.56 | K50: 78.5 | L50: 6.5 | M50: 3.25 | N50: 3.35 | O50: 1 | Q50: 1.0020833 | R50: 7.8 | S50: 5.38 | T50: 20.26 | U50: 9.5 | V50: 9.5 | W50: 100 | Y50: 66 | Z50: 2.7 | AA50: 0 | AB50: 0.98333333 | AC50: 7.6 | AD50: 2.2
A51: Adam Pelech | C51: 0 | D51: D | E51: 3100 | F51: NYI | G51: vs NYR | H51: 0.79166667 | I51: Y | J51: 0.458 | K51: -84.5 | L51: 6.5 | M51: 3.5 | N51: 3.25 | O51: 2 | Q51: 0.86597222 | R51: 6.5 | S51: 3.94 | T51: 17.34 | U51: 9.46 | V51: 9.46 | W51: 100 | Y51: 70 | Z51: 3.1 | AA51: 0 | AB51: 0.72847222 | AC51: 9.3 | AD51: 3
A52: Sean Monahan | C52: 0 | D52: C | E52: 3600 | F52: CBJ | G52: vs PHI | H52: 0.8125 | I52: Y | J52: 0.44 | K52: -78.5 | L52: 6.5 | M52: 3.35 | N52: 3.25 | O52: 2 | P52: 2 | Q52: 0.74305556 | R52: 6.5 | S52: 5.52 | T52: 19.34 | U52: 8.3 | V52: 8.3 | W52: 100 | Y52: 58 | Z52: 2.3 | AA52: 0 | AB52: 0.74930556 | AC52: 11.3 | AD52: 3.1
A53: Nick Seeler | C53: 0 | D53: D | E53: 3000 | F53: PHI | G53: @ CBJ | H53: 0.8125 | I53: N | J53: 0.56 | K53: 78.5 | L53: 6.5 | M53: 3.25 | N53: 3.35 | O53: 3 | Q53: 0.79097222 | R53: 6.4 | S53: 4.77 | T53: 18.14 | U53: 8.6 | V53: 8.6 | W53: 100 | Y53: 63 | Z53: 2.9 | AA53: 0 | AB53: 0.84097222 | AC53: 1.3 | AD53: 0.4
A54: Jean-Gabriel Pageau | C54: 0 | D54: C | E54: 3500 | F54: NYI | G54: vs NYR | H54: 0.79166667 | I54: Y | J54: 0.458 | K54: -84.5 | L54: 6.5 | M54: 3.5 | N54: 3.25 | O54: 3 | Q54: 0.64583333 | R54: 6.1 | S54: 5.77 | T54: 19.12 | U54: 7.58 | V54: 7.58 | W54: 100 | Y54: 53 | Z54: 2.2 | AA54: 0 | AB54: 0.56319444 | AC54: 19.3 | AD54: 5.5
A55: Claude Giroux | C55: 0 | D55: W | E55: 3500 | F55: OTT | G55: vs COL | H55: 0.8125 | I55: N | J55: 0.505 | K55: 98 | L55: 6.5 | M55: 3.02 | N55: 3.25 | O55: 1 | P55: 2 | Q55: 0.72152778 | R55: 7.1 | S55: 5.23 | T55: 18.83 | U55: 8.37 | V55: 8.37 | W55: 100 | Y55: 63 | Z55: 2.4 | AA55: 0 | AB55: 0.73194444 | AC55: 14.5 | AD55: 4.1
A56: Bobby Brink | C56: 0 | D56: W | E56: 3400 | F56: PHI | G56: @ CBJ | H56: 0.8125 | I56: N | J56: 0.56 | K56: 78.5 | L56: 6.5 | M56: 3.25 | N56: 3.35 | O56: 3 | P56: 1 | Q56: 0.64236111 | R56: 6.7 | S56: 5.96 | T56: 20.03 | U56: 8.11 | V56: 8.11 | W56: 100 | Y56: 56 | Z56: 2.4 | AA56: 0 | AB56: 0.66111111 | AC56: 1.3 | AD56: 0.4
A57: Dmitri Voronkov | C57: 0 | D57: W | E57: 3200 | F57: CBJ | G57: vs PHI | H57: 0.8125 | I57: Y | J57: 0.44 | K57: -78.5 | L57: 6.5 | M57: 3.35 | N57: 3.25 | O57: 4 | Q57: 0.62430556 | R57: 7.9 | S57: 7.22 | T57: 22.77 | U57: 8.33 | V57: 8.33 | W57: 100 | Y57: 54 | Z57: 2.6 | AA57: 0 | AB57: 0.35972222 | AC57: 0
A58: Fabian Zetterlund | C58: 0 | D58: W | E58: 3200 | F58: OTT | G58: vs COL | H58: 0.8125 | I58: N | J58: 0.505 | K58: 98 | L58: 6.5 | M58: 3.02 | N58: 3.25 | O58: 4 | P58: 2 | Q58: 0.58402778 | R58: 6.4 | S58: 6.6 | T58: 21.63 | U58: 8.43 | V58: 8.43 | W58: 100 | Y58: 48 | Z58: 2.6 | AA58: 0 | AB58: 0.51111111 | AC58: 1.5 | AD58: 0.5
A59: Ridly Greig | C59: 0 | D59: W | E59: 3100 | F59: OTT | G59: vs COL | H59: 0.8125 | I59: N | J59: 0.505 | K59: 98 | L59: 6.5 | M59: 3.02 | N59: 3.25 | O59: 2 | P59: 2 | Q59: 0.68680556 | R59: 6.8 | S59: 4.91 | T59: 18.28 | U59: 8.46 | V59: 8.46 | W59: 100 | Y59: 64 | Z59: 2.7 | AA59: 0 | AB59: 0.78125 | AC59: 10 | AD59: 3.2
A60: Cole Sillinger | C60: 0 | D60: W | E60: 3000 | F60: CBJ | G60: vs PHI | H60: 0.8125 | I60: Y | J60: 0.44 | K60: -78.5 | L60: 6.5 | M60: 3.35 | N60: 3.25 | O60: 3 | Q60: 0.64791667 | R60: 6.1 | S60: 5.98 | T60: 20.3 | U60: 8.34 | V60: 8.34 | W60: 100 | Y60: 51 | Z60: 2.8 | AA60: 0 | AB60: 0.59027778 | AC60: 11.5 | AD60: 3.8
A61: Jamie Drysdale | C61: 0 | D61: D | E61: 3400 | F61: PHI | G61: @ CBJ | H61: 0.8125 | I61: N | J61: 0.56 | K61: 78.5 | L61: 6.5 | M61: 3.25 | N61: 3.35 | O61: 2 | P61: 1 | Q61: 0.88888889 | R61: 5.8 | S61: 4.48 | T61: 15.63 | U61: 6.67 | V61: 6.67 | W61: 100 | Y61: 61 | Z61: 2 | AA61: 0 | AB61: 1.1152778 | AC61: 9.5 | AD61: 2.8
A62: Sean Couturier | C62: 0 | D62: C | E62: 3400 | F62: PHI | G62: @ CBJ | H62: 0.8125 | I62: N | J62: 0.56 | K62: 78.5 | L62: 6.5 | M62: 3.25 | N62: 3.35 | O62: 2 | Q62: 0.72013889 | R62: 6.2 | S62: 6.49 | T62: 20.05 | U62: 7.07 | V62: 7.07 | W62: 100 | Y62: 48 | Z62: 2.1 | AA62: 0 | AB62: 0.65347222 | AC62: 4.3 | AD62: 1.3
A63: Simon Holmstrom | C63: 0 | D63: W | E63: 3300 | F63: NYI | G63: vs NYR | H63: 0.79166667 | I63: Y | J63: 0.458 | K63: -84.5 | L63: 6.5 | M63: 3.5 | N63: 3.25 | O63: 3 | P63: 2 | Q63: 0.68402778 | R63: 6 | S63: 6.44 | T63: 20.68 | U63: 7.8 | V63: 7.8 | W63: 100 | Y63: 46 | Z63: 2.4 | AA63: 0 | AB63: 0.66180556 | AC63: 24.5 | AD63: 7.4
A64: Damon Severson | C64: 0 | D64: D | E64: 3300 | F64: CBJ | G64: vs PHI | H64: 0.8125 | I64: Y | J64: 0.44 | K64: -78.5 | L64: 6.5 | M64: 3.35 | N64: 3.25 | O64: 1 | Q64: 0.85208333 | R64: 6 | S64: 4.69 | T64: 17.88 | U64: 8.5 | V64: 8.5 | W64: 100 | Y64: 61 | Z64: 2.6 | AA64: 0 | AB64: 0.92916667 | AC64: 9.3 | AD64: 2.8
A65: Rasmus Ristolainen | C65: 0 | D65: D | E65: 3200 | F65: PHI | G65: @ CBJ | H65: 0.8125 | I65: N | J65: 0.56 | K65: 78.5 | L65: 6.5 | M65: 3.25 | N65: 3.35 | O65: 1 | Q65: 0.85972222 | R65: 6.3 | S65: 4.08 | T65: 16.68 | U65: 8.52 | V65: 8.52 | W65: 100 | Y65: 68 | Z65: 2.7 | AA65: 0 | AB65: 0.042361111 | AC65: 0
A66: Noah Cates | C66: 0 | D66: C | E66: 3300 | F66: PHI | G66: @ CBJ | H66: 0.8125 | I66: N | J66: 0.56 | K66: 78.5 | L66: 6.5 | M66: 3.25 | N66: 3.35 | O66: 3 | P66: 2 | Q66: 0.67777778 | R66: 6.7 | S66: 6.29 | T66: 19.73 | U66: 7.15 | V66: 7.15 | W66: 100 | Y66: 53 | Z66: 2.2 | AA66: 0 | AB66: 0.61805556 | AC66: 1.3 | AD66: 0.4
A67: Braden Schneider | C67: 0 | D67: D | E67: 3000 | F67: NYR | G67: @ NYI | H67: 0.79166667 | I67: N | J67: 0.542 | K67: 84.5 | L67: 6.5 | M67: 3.25 | N67: 3.5 | O67: 1 | Q67: 0.84097222 | R67: 5.8 | S67: 4.12 | T67: 15.43 | U67: 7.19 | V67: 7.19 | W67: 100 | Y67: 64 | Z67: 2.4 | AA67: 0 | AB67: 0.95277778 | AC67: 5.8 | AD67: 1.9
A68: Denver Barkey | C68: 0 | D68: W | E68: 2900 | F68: PHI | G68: @ CBJ | H68: 0.8125 | I68: N | J68: 0.56 | K68: 78.5 | L68: 6.5 | M68: 3.25 | N68: 3.35 | O68: 2 | P68: 2 | Q68: 0.57222222 | R68: 5.3 | S68: 5.53 | T68: 19.09 | U68: 8.03 | V68: 8.03 | W68: 100 | Y68: 48 | Z68: 2.8 | AA68: 0 | AB68: 0.59166667 | AC68: 1.5 | AD68: 0.5
A69: Carson Soucy | C69: 0 | D69: D | E69: 2500 | F69: NYI | G69: vs NYR | H69: 0.79166667 | I69: Y | J69: 0.458 | K69: -84.5 | L69: 6.5 | M69: 3.5 | N69: 3.25 | O69: 3 | Q69: 0.72291667 | R69: 5.1 | S69: 4.46 | T69: 15.99 | U69: 7.07 | V69: 7.07 | W69: 100 | Y69: 56 | Z69: 2.8 | AA69: 0 | AB69: 0.69305556 | AC69: 4.3 | AD69: 1.7
A70: Spencer Martin | C70: 0 | D70: G | E70: 7300 | F70: NYR | G70: @ NYI | H70: 0.79166667 | I70: N | J70: 0.542 | K70: 84.5 | L70: 6.5 | M70: 3.25 | N70: 3.5 | O70: confirm | Q70: 1.9215278 | R70: 4 | S70: 6.91 | T70: 19.62 | U70: 5.8 | V70: 5.8 | W70: 100 | Y70: 14 | Z70: 0.8 | AA70: 0 | AB70: 2.5 | AC70: 4.2 | AD70: 0.6
A71: Miles Wood | C71: 0 | D71: W | E71: 2500 | F71: CBJ | G71: vs PHI | H71: 0.8125 | I71: Y | J71: 0.44 | K71: -78.5 | L71: 6.5 | M71: 3.35 | N71: 3.25 | O71: 4 | Q71: 0.54861111 | R71: 5.3 | S71: 5.48 | T71: 17.73 | U71: 6.77 | V71: 6.77 | W71: 100 | Y71: 48 | Z71: 2.7 | AA71: 0 | AB71: 0.3125 | AC71: 1.3 | AD71: 0.5
A72: Victor Olofsson | C72: 0 | D72: W | E72: 4300 | F72: COL | G72: @ OTT | H72: 0.8125 | I72: Y | J72: 0.495 | K72: -98 | L72: 6.5 | M72: 3.25 | N72: 3.02 | O72: 1 | P72: 1 | Q72: 0.56597222 | R72: 7 | S72: 9.11 | T72: 23.73 | U72: 5.51 | V72: 5.51 | W72: 100 | Y72: 35 | Z72: 1.3 | AA72: 0 | AB72: 0.64027778 | AC72: 3 | AD72: 0.7
A73: Kent Johnson | C73: 0 | D73: W | E73: 3700 | F73: CBJ | G73: vs PHI | H73: 0.8125 | I73: Y | J73: 0.44 | K73: -78.5 | L73: 6.5 | M73: 3.35 | N73: 3.25 | O73: 2 | P73: 1 | Q73: 0.57916667 | R73: 4.8 | S73: 4.19 | T73: 14.03 | U73: 5.65 | V73: 5.65 | W73: 100 | Y73: 56 | Z73: 1.5 | AA73: 0 | AB73: 0.525 | AC73: 8 | AD73: 2.2
A74: Artem Zub | C74: 0 | D74: D | E74: 2900 | F74: OTT | G74: vs COL | H74: 0.8125 | I74: N | J74: 0.505 | K74: 98 | L74: 6.5 | M74: 3.02 | N74: 3.25 | O74: 1 | Q74: 0.83194444 | R74: 6.4 | S74: 5.89 | T74: 17.86 | U74: 6.08 | V74: 6.08 | W74: 100 | Y74: 54 | Z74: 2.1 | AA74: 0 | AB74: 0.91319444 | AC74: 12.8 | AD74: 4.4
A75: Erik Gudbranson | C75: 0 | D75: D | E75: 2800 | F75: CBJ | G75: vs PHI | H75: 0.8125 | I75: Y | J75: 0.44 | K75: -78.5 | L75: 6.5 | M75: 3.35 | N75: 3.25 | O75: 3 | Q75: 0.74444444 | R75: 4.9 | S75: 3.83 | T75: 13.52 | U75: 5.86 | V75: 5.86 | W75: 100 | Y75: 61 | Z75: 2.1 | AA75: 0 | AB75: 0.77430556 | AC75: 11.5 | AD75: 4.1
A76: Mathieu Olivier | C76: 0 | D76: W | E76: 2800 | F76: CBJ | G76: vs PHI | H76: 0.8125 | I76: Y | J76: 0.44 | K76: -78.5 | L76: 6.5 | M76: 3.35 | N76: 3.25 | O76: 3 | Q76: 0.60138889 | R76: 5.1 | S76: 6.92 | T76: 19.88 | U76: 6.04 | V76: 6.04 | W76: 100 | Y76: 32 | Z76: 2.2 | AA76: 0 | AB76: 0.58611111 | AC76: 17.8 | AD76: 6.4
A77: Jordan Spence | C77: 0 | D77: D | E77: 2800 | F77: OTT | G77: vs COL | H77: 0.8125 | I77: N | J77: 0.505 | K77: 98 | L77: 6.5 | M77: 3.02 | N77: 3.25 | O77: 3 | P77: 2 | Q77: 0.72847222 | R77: 5.2 | S77: 5.29 | T77: 16.04 | U77: 5.46 | V77: 5.46 | W77: 100 | Y77: 49 | Z77: 2 | AA77: 0 | AB77: 0.62916667 | AC77: 7.6 | AD77: 2.7
A78: Jack Drury | C78: 0 | D78: C | E78: 2800 | F78: COL | G78: @ OTT | H78: 0.8125 | I78: Y | J78: 0.495 | K78: -98 | L78: 6.5 | M78: 3.25 | N78: 3.02 | O78: 3 | Q78: 0.61180556 | R78: 5.1 | S78: 4.78 | T78: 15.39 | U78: 5.83 | V78: 5.83 | W78: 100 | Y78: 53 | Z78: 2.1 | AA78: 0 | AB78: 0.6875 | AC78: 6.5 | AD78: 2.3
A79: Scott Morrow | C79: 0 | D79: D | E79: 2700 | F79: NYR | G79: @ NYI | H79: 0.79166667 | I79: N | J79: 0.542 | K79: 84.5 | L79: 6.5 | M79: 3.25 | N79: 3.5 | O79: 3 | P79: 2 | Q79: 0.65833333 | R79: 4.3 | S79: 3.65 | T79: 13.06 | U79: 5.76 | V79: 5.76 | W79: 100 | Y79: 58 | Z79: 2.1 | AA79: 0 | AB79: 0.55763889 | AC79: 0
A80: Matthew Robertson | C80: 0 | D80: D | E80: 2700 | F80: NYR | G80: @ NYI | H80: 0.79166667 | I80: N | J80: 0.542 | K80: 84.5 | L80: 6.5 | M80: 3.25 | N80: 3.5 | O80: 2 | Q80: 0.69652778 | R80: 4.9 | S80: 4.76 | T80: 15.93 | U80: 6.41 | V80: 6.41 | W80: 100 | Y80: 51 | Z80: 2.4 | AA80: 0 | AB80: 0.92638889 | AC80: 4.1 | AD80: 1.5
A81: Jonathan Drouin | C81: 0 | D81: W | E81: 3300 | F81: NYI | G81: vs NYR | H81: 0.79166667 | I81: Y | J81: 0.458 | K81: -84.5 | L81: 6.5 | M81: 3.5 | N81: 3.25 | O81: 2 | P81: 1 | Q81: 0.72569444 | R81: 5.1 | S81: 4.6 | T81: 14.44 | U81: 5.24 | V81: 5.24 | W81: 100 | Y81: 55 | Z81: 1.6 | AA81: 0 | AB81: 0.68263889 | AC81: 1.5 | AD81: 0.5
A82: Carl Grundstrom | C82: 0 | D82: W | E82: 2700 | F82: PHI | G82: @ CBJ | H82: 0.8125 | I82: N | J82: 0.56 | K82: 78.5 | L82: 6.5 | M82: 3.25 | N82: 3.35 | O82: 4 | Q82: 0.52847222 | R82: 5.2 | S82: 5.49 | T82: 16.67 | U82: 5.69 | V82: 5.69 | W82: 100 | Y82: 47 | Z82: 2.1 | AA82: 0 | AB82: 0.4125 | AC82: 1.3 | AD82: 0.5
A83: Parker Kelly | C83: 0 | D83: C | E83: 2700 | F83: COL | G83: @ OTT | H83: 0.8125 | I83: Y | J83: 0.495 | K83: -98 | L83: 6.5 | M83: 3.25 | N83: 3.02 | O83: 4 | Q83: 0.51597222 | R83: 5.6 | S83: 6.37 | T83: 18.78 | U83: 6.04 | V83: 6.04 | W83: 100 | Y83: 43 | Z83: 2.2 | AA83: 0 | AB83: 0.58611111 | AC83: 12.8 | AD83: 4.7
A84: Noah Laba | C84: 0 | D84: C | E84: 2600 | F84: NYR | G84: @ NYI | H84: 0.79166667 | I84: N | J84: 0.542 | K84: 84.5 | L84: 6.5 | M84: 3.25 | N84: 3.5 | O84: 3 | P84: 2 | Q84: 0.56180556 | R84: 4.6 | S84: 4.59 | T84: 14.69 | U84: 5.51 | V84: 5.51 | W84: 100 | Y84: 50 | Z84: 2.1 | AA84: 0 | AB84: 0.60069444 | AC84: 6.3 | AD84: 2.4
A85: Nick Jensen | C85: 0 | D85: D | E85: 2600 | F85: OTT | G85: vs COL | H85: 0.8125 | I85: N | J85: 0.505 | K85: 98 | L85: 6.5 | M85: 3.02 | N85: 3.25 | O85: 2 | Q85: 0.70277778 | R85: 4.7 | S85: 4.8 | T85: 15.15 | U85: 5.55 | V85: 5.55 | W85: 100 | Y85: 49 | Z85: 2.1 | AA85: 0 | AB85: 0.71111111 | AC85: 5 | AD85: 1.9
A86: Samuel Girard | C86: 0 | D86: D | E86: 2600 | F86: COL | G86: @ OTT | H86: 0.8125 | I86: Y | J86: 0.495 | K86: -98 | L86: 6.5 | M86: 3.25 | N86: 3.02 | O86: 3 | Q86: 0.74583333 | R86: 4.4 | S86: 4.43 | T86: 14.24 | U86: 5.38 | V86: 5.38 | W86: 100 | Y86: 50 | Z86: 2.1 | AA86: 0 | AB86: 0.71111111 | AC86: 0
A87: Gavin Brindley | C87: 0 | D87: W | E87: 2600 | F87: COL | G87: @ OTT | H87: 0.8125 | I87: Y | J87: 0.495 | K87: -98 | L87: 6.5 | M87: 3.25 | N87: 3.02 | O87: 3 | P87: 2 | Q87: 0.43680556 | R87: 4.2 | S87: 5.04 | T87: 15.53 | U87: 5.45 | V87: 5.45 | W87: 100 | Y87: 40 | Z87: 2.1 | AA87: 0 | AB87: 0.36319444 | AC87: 1.5 | AD87: 0.6
A88: Ondrej Palat | C88: 0 | D88: W | E88: 2500 | F88: NYI | G88: vs NYR | H88: 0.79166667 | I88: Y | J88: 0.458 | K88: -84.5 | L88: 6.5 | M88: 3.5 | N88: 3.25 | O88: 1 | Q88: 0.52916667 | R88: 4.2 | S88: 4.55 | T88: 14.92 | U88: 5.82 | V88: 5.82 | W88: 100 | Y88: 46 | Z88: 2.3 | AA88: 0 | AB88: 0.49513889 | AC88: 17.8 | AD88: 7.1
A89: Will Borgen | C89: 0 | D89: D | E89: 2500 | F89: NYR | G89: @ NYI | H89: 0.79166667 | I89: N | J89: 0.542 | K89: 84.5 | L89: 6.5 | M89: 3.25 | N89: 3.5 | O89: 2 | Q89: 0.77083333 | R89: 4.8 | S89: 3.76 | T89: 13.4 | U89: 5.88 | V89: 5.88 | W89: 100 | Y89: 61 | Z89: 2.4 | AA89: 0 | AB89: 0.85972222 | AC89: 7.6 | AD89: 3
A90: Tyler Kleven | C90: 0 | D90: D | E90: 2500 | F90: OTT | G90: vs COL | H90: 0.8125 | I90: N | J90: 0.505 | K90: 98 | L90: 6.5 | M90: 3.02 | N90: 3.25 | O90: 3 | Q90: 0.69861111 | R90: 5.2 | S90: 3.74 | T90: 13.54 | U90: 6.06 | V90: 6.06 | W90: 100 | Y90: 64 | Z90: 2.4 | AA90: 0 | AB90: 0.58263889 | AC90: 7.8 | AD90: 3.1
A91: Urho Vaakanainen | C91: 0 | D91: D | E91: 2500 | F91: NYR | G91: @ NYI | H91: 0.79166667 | I91: N | J91: 0.542 | K91: 84.5 | L91: 6.5 | M91: 3.25 | N91: 3.5 | O91: 3 | Q91: 0.57638889 | R91: 2.8 | S91: 1.86 | T91: 7.57 | U91: 3.85 | V91: 3.85 | W91: 100 | Y91: 67 | Z91: 1.5 | AA91: 0 | AB91: 0.57916667 | AC91: 2.8 | AD91: 1.1
A92: Adam Boqvist | C92: 0 | D92: D | E92: 2500 | F92: NYI | G92: vs NYR | H92: 0.79166667 | I92: Y | J92: 0.458 | K92: -84.5 | L92: 6.5 | M92: 3.5 | N92: 3.25 | O92: 3 | P92: 2 | Q92: 0.53472222 | R92: 2.3 | S92: 2.77 | T92: 9.62 | U92: 4.08 | V92: 4.08 | W92: 100 | Y92: 40 | Z92: 1.6 | AA92: 0
A93: Scott Mayfield | C93: 0 | D93: D | E93: 2500 | F93: NYI | G93: vs NYR | H93: 0.79166667 | I93: Y | J93: 0.458 | K93: -84.5 | L93: 6.5 | M93: 3.5 | N93: 3.25 | O93: 1 | Q93: 0.73819444 | R93: 3.9 | S93: 3.94 | T93: 12.78 | U93: 4.9 | V93: 4.9 | W93: 100 | Y93: 49 | Z93: 2 | AA93: 0 | AB93: 0.71180556 | AC93: 1.3 | AD93: 0.5
A94: Jonny Brodzinski | C94: 0 | D94: W | E94: 2500 | F94: NYR | G94: @ NYI | H94: 0.79166667 | I94: N | J94: 0.542 | K94: 84.5 | L94: 6.5 | M94: 3.25 | N94: 3.5 | O94: 4 | P94: 2 | Q94: 0.46180556 | R94: 3.9 | S94: 4.41 | T94: 13.65 | U94: 4.83 | V94: 4.83 | W94: 100 | Y94: 43 | Z94: 1.9 | AA94: 0 | AB94: 0.42361111 | AC94: 1.3 | AD94: 0.5
A95: Brennan Othmann | C95: 0 | D95: W | E95: 2500 | F95: NYR | G95: @ NYI | H95: 0.79166667 | I95: N | J95: 0.542 | K95: 84.5 | L95: 6.5 | M95: 3.25 | N95: 3.5 | O95: 3 | Q95: 0.39861111 | R95: 2.7 | S95: 2.68 | T95: 9.08 | U95: 3.72 | V95: 3.72 | W95: 100 | Y95: 50 | Z95: 1.5 | AA95: 0 | AB95: 0.575 | AC95: 0
A96: Marc Gatcomb | C96: 0 | D96: W | E96: 2500 | F96: NYI | G96: vs NYR | H96: 0.79166667 | I96: Y | J96: 0.458 | K96: -84.5 | L96: 6.5 | M96: 3.5 | N96: 3.25 | O96: 4 | Q96: 0.43263889 | R96: 3.3 | S96: 2.44 | T96: 9.6 | U96: 4.72 | V96: 4.72 | W96: 100 | Y96: 63 | Z96: 1.9 | AA96: 0 | AB96: 0.46041667 | AC96: 7.8 | AD96: 3.1
A97: Casey Cizikas | C97: 0 | D97: C | E97: 2500 | F97: NYI | G97: vs NYR | H97: 0.79166667 | I97: Y | J97: 0.458 | K97: -84.5 | L97: 6.5 | M97: 3.5 | N97: 3.25 | O97: 4 | Q97: 0.48125 | R97: 3.6 | S97: 4.41 | T97: 14.19 | U97: 5.37 | V97: 5.37 | W97: 100 | Y97: 39 | Z97: 2.1 | AA97: 0 | AB97: 0.54652778 | AC97: 0
A98: Matt Rempe | C98: 0 | D98: W | E98: 2500 | F98: NYR | G98: @ NYI | H98: 0.79166667 | I98: N | J98: 0.542 | K98: 84.5 | L98: 6.5 | M98: 3.25 | N98: 3.5 | O98: 4 | Q98: 0.38472222 | R98: 1.6 | S98: 2.52 | T98: 8.27 | U98: 3.23 | V98: 3.23 | W98: 100 | Y98: 21 | Z98: 1.3 | AA98: 0 | AB98: 0.40902778 | AC98: 0
A99: Taylor Raddysh | C99: 0 | D99: W | E99: 2500 | F99: NYR | G99: @ NYI | H99: 0.79166667 | I99: N | J99: 0.542 | K99: 84.5 | L99: 6.5 | M99: 3.25 | N99: 3.5 | O99: 3 | Q99: 0.49930556 | R99: 3.7 | S99: 7.16 | T99: 17.94 | U99: 3.62 | V99: 3.62 | W99: 100 | Y99: 3 | Z99: 1.4 | AA99: 0 | AB99: 0.56111111 | AC99: 10 | AD99: 4
A100: Kyle MacLean | C100: 0 | D100: W | E100: 2500 | F100: NYI | G100: vs NYR | H100: 0.79166667 | I100: Y | J100: 0.458 | K100: -84.5 | L100: 6.5 | M100: 3.5 | N100: 3.25 | O100: 4 | Q100: 0.44861111 | R100: 2.6 | S100: 2.92 | T100: 9.48 | U100: 3.64 | V100: 3.64 | W100: 100 | Y100: 44 | Z100: 1.5 | AA100: 0 | AB100: 0.50833333 | AC100: 6.3 | AD100: 2.5
A101: Sam Carrick | C101: 0 | D101: C | E101: 2500 | F101: NYR | G101: @ NYI | H101: 0.79166667 | I101: N | J101: 0.542 | K101: 84.5 | L101: 6.5 | M101: 3.25 | N101: 3.5 | O101: 4 | Q101: 0.43680556 | R101: 3.2 | S101: 3.8 | T101: 11.01 | U101: 3.41 | V101: 3.41 | W101: 100 | Y101: 41 | Z101: 1.4 | AA101: 0 | AB101: 0.40972222 | AC101: 1.5 | AD101: 0.6
...
